,PC1,PC2,PC3,PC4,PC5,PC6,PC7,PC8,PC9,PC10
1,231.1580474297938,-15.258122250360138,-21.937895465798068,10.33203507112917,-15.808509760163323,-0.6842393979096866,-3.3880183525967618,-1.6322890629062827,-0.08349054589663844,1.9381362944085894
10,3.9675316662707325,4.902600708327318,-4.248865248511306,-2.71396593011901,-1.4359257805351322,1.4062455707212593,0.9514415622922262,-2.8827670822062927,3.455075154884175,-1.2275717447565342
100,-11.337213782347469,-2.060586462122821,-2.730610635314376,-1.6517015330116724,-3.3007629303834634,0.9922452629888674,-2.9847071790576853,-2.5382886416867274,0.16969647193365228,-4.018228802121212
105,24.150935446815566,17.633795180738623,3.7660448051631747,-5.2027762493752,1.2669141986059838,-2.9393465056760255,-4.804610430767327,-6.009763378648804,-1.8073081454760977,-4.007657050721034
106,-5.360499780836994,-3.760586137102961,-3.4902957799820244,-1.699120924820476,1.9078108980149493,-2.65184880035847,-1.1655321610611231,-4.023561352399781,-2.5525413105155725,-3.043882660723641
110,-2.514335769390591,-0.919251922966599,3.5352514105726316,-1.7692865031389104,-2.21887014252397,3.1283011853754363,0.011639792292396183,-0.3925998628022577,-0.7401104968338759,1.76404069096099
113,22.116230036835496,-12.8170123061932,18.194153330893883,-7.153683772825664,0.8282572718647171,1.7671033432742134,1.2234745323681009,1.4365994504497765,-1.882242937411107,1.1725613424355827
114,15.575511533080176,-0.6908989130061722,13.088799458537677,-8.488569507744131,1.5369873036092805,-1.0430855871911848,-2.9235411586568802,-5.896965721831688,0.45451772439812455,-0.9492407876021955
115,35.07292776845978,-13.109156566054061,1.660802164905698,-11.133950187257547,10.370169703438238,0.8500177337829827,8.895856905132725,-4.7063883700103135,-1.410395543583608,-2.8479079333892074
116,-9.510184974981911,-2.917803611666472,-8.053250122073438,-6.381502221294798,-0.8422259215324459,3.7361527965072474,-1.5666597488462755,-1.9613243098252364,1.5360633701699815,0.4873637562003349
118,-8.673343210257398,-1.3624351917671127,-3.1276689983958468,-1.0801905759110655,0.11245934645515718,1.325699988606816,1.168982874877024,1.2281374797958347,-0.47128469448661664,1.05569865080532
120,-12.066000612747851,-0.7382442425211825,-4.847588341730804,2.6743975122391097,-1.7219414040752306,-0.5921635639833452,0.890161695497249,-3.402942166743487,-2.1796705217765675,0.5127449111684953
122,-2.0559969573974057,-1.1130957177961038,0.8730884423151385,-0.6370562926518271,1.3112760830939614,3.018585685031175,-1.5393518746632107,-1.7457491286280962,-1.191921715698968,-0.5630889506829784
126,9.801337163528972,5.995068032901727,0.5983551319727495,3.192789120952743,6.055768511593244,0.540649299027806,-1.0811305909229727,1.52855335937287,-7.769983774185787,2.533287135599165
131,-7.578491081973164,2.2991784523512435,-6.2378374199315205,-4.080683263685959,-1.5089084988779768,3.256768166237591,1.3032241797881454,-0.05884450444139995,1.8579525854281629,0.5901969395811677
132,-4.129304217740187,-7.438629224320098,-3.573672111945535,-1.1246753382808727,2.4997934895152394,-2.235368452660635,1.9571857502188432,0.726814960930185,-2.201936453504566,-3.268470106772465
134,-9.279481202081943,-0.6578002014941607,-3.77432479068702,-0.5821601096587066,-2.0570175577951293,4.75944947700097,-1.4653025808224016,-0.3570592817745232,1.507525331024229,0.2888974124799521
138,-9.857931248696794,-2.048186929429405,-6.148702823358854,-1.6387547458718803,-1.1328321433098003,-1.7332683666164124,-2.3236148037696855,1.8663563597943325,2.227890520025198,-4.261088371518506
139,28.46245533003459,26.193038952501823,7.790859069140476,-9.410904903796892,-19.8801312567395,-12.179714502440646,18.484477917764963,-0.7618849345504477,4.696392479704109,-3.5811679215609606
141,-8.332477962416544,-0.15720192023098348,0.2760060855842888,0.2753203657324366,-3.269533149190508,2.932712596215112,-1.853904577530567,-2.019925726674733,-0.41495621739693267,-2.606084265915735
142,17.30144148249323,1.8206387887948288,1.6222950263982425,-3.311040536082664,0.4652579684078543,2.357877622725563,8.57063762666466,3.1858867991545283,-1.9705903448657247,-5.661631963453168
144,3.945860941588323,3.547611862425808,0.5523901881691772,1.6608504800524715,3.0221526671586587,5.462951742336184,2.830965476769187,3.30527402085549,-0.5521460227000285,-0.5464937609192546
145,-0.7098287593009711,6.358669156835038,0.31791514364287626,-5.442645877219515,-3.0591413670750702,1.741843393987032,2.498475291598214,-3.92882139470048,0.13599106116667972,-0.45395036844340897
148,-7.49274667646534,-1.6798522124977229,-1.3309779795298216,0.3025330015672611,-2.2847222752866996,3.233315938858573,0.7477984474582755,1.7666979685270845,-1.72085138313079,-0.9932556170796542
15,12.315879090648162,7.988728390600464,3.0010539731221044,6.709410244039449,3.842866410106207,0.2921178003241099,4.244438881233752,-1.8936323876562213,2.8804590303593556,-1.7560965061320073
152,2.6468815190749266,-1.7592930194901004,2.9522357145426965,-4.174952866921735,-0.23085455214366868,2.07207328417542,0.13242175305303933,-2.9665307985854317,0.4562478058562154,-1.9211440742407977
153,-3.8693369345818733,3.4270690109842183,-2.78177428627102,-0.5706580180262568,-2.442113887301302,10.079884210579952,2.3034550377977783,-0.43423684241567634,-0.3549071471231087,-0.3471111746723438
155,-10.921578553780844,-1.3456830334133572,-7.717082388058916,-2.771626403347105,-1.0854875193593605,2.082749370625081,0.11369415492017779,-1.7074782126619807,-0.9489271167171133,-2.72543970440285
157,-1.5039354429706384,-5.457843712424617,-4.789551447122794,-3.945661840099498,1.829392893116123,2.828464979560287,1.8145789375134886,1.0712307028084418,-2.385997910495281,-2.457109533289919
161,-7.745279645048974,-4.774517364137326,1.4569912518815755,-0.9558458539281108,-5.691538132985426,2.1864619865220534,-4.214829904501977,5.170095680565721,-2.9134046071514943,-2.2981793955965837
162,3.7856563370514738,2.902374903128614,3.7102707236212087,-1.5561535798891435,-0.16195526905922117,-3.074320154063104,-0.10896006635661473,0.3094435291048618,-2.235137066189146,-2.9424705625638112
163,-6.862676364703459,-3.060889506143578,-5.412652095151788,-0.45131743420660775,1.8931612285180004,-2.5036883182583303,-0.5479777712986835,-1.7426313007582663,-0.9968334567176228,-1.0057138743319725
166,-6.67590486141086,-0.5792105104819418,3.146506371700627,4.679224068314811,-3.069923029181135,-0.5046366813397105,-3.3613361160104165,-1.7446751043381303,3.7051224644096923,-2.4156690818454005
167,14.107683491874925,-5.628764317647684,3.5759396903490472,-8.371017609498624,5.0392481227118315,0.8843251563752644,-0.6247176832202027,-0.9332949719592168,1.5420388838086292,-0.13669306324356026
168,-7.713195011482477,-1.9602848269366797,-1.014576498572807,3.23543770030127,-2.252188486743925,2.907089328694754,-3.755754064672459,-0.9475894776334632,0.8224790730869862,-1.21808473472609
169,-3.5777979061471004,-4.0070217302476285,-3.251817795532422,1.6249915976131026,2.625172821531727,0.8102576590783431,-0.38289291986423224,-2.30871949404651,-1.2905013931305906,-0.24327354510437102
170,13.127716358350558,12.978767832993839,3.327117563580213,0.8584697864658812,2.448209403655612,6.031675178732421,-2.609780938358354,-2.0203354265318128,-0.9566900826415468,-2.6730208928046926
171,-4.494725765229068,-6.162531883684126,2.8713735837411445,-1.3177000622662947,-2.107488128215487,4.774444222248108,-4.023426725687553,-3.005217222192445,-1.7306814172351896,-2.6709576949829934
172,0.3339459867275177,-4.4388765859252075,8.864276156850321,-1.7361365187595168,-3.2083239741970124,3.3070052602359845,-5.340561312729118,-5.30636530211158,-0.1682622259985272,-0.7553993321643676
174,1.7759428911070052,2.4334749752904736,0.5248458024590114,3.0828856806128875,-0.8654268036658128,0.18857176236510392,-2.0464357995848546,-3.171725203560007,-1.90854296569622,-0.758583585390358
177,2.780291444335919,-5.254826047964668,3.421488122605223,-9.196720624330721,0.4042052970672911,-1.2175127781136554,-0.4609161047116882,0.9078970461184285,-0.30889268709167705,-0.8372033256981009
178,-6.134509662695731,1.5031357834578658,-1.6567099732087438,1.365271024390792,-0.5455130630576577,-1.3056212338984505,0.30735566616950905,-4.1708442842274,-3.7849342650398503,-1.2224175518081164
179,-5.013617565215532,-1.4919085468541116,-2.098186887801921,-2.1376410237011707,1.6284036345246093,2.684704030831993,-3.80321354254917,-0.26489101759250655,-0.8876337303551443,0.021946169499532805
18,-2.712447410441585,7.188109293998598,7.409272772896585,7.636443648790518,-3.8572828305648557,2.843475493938614,2.9134101951809366,-6.459800782666848,3.081533078464711,0.6801090333975003
180,-3.4146476311848897,-0.15437262347982542,2.825623155909106,0.7263980477540292,-0.36474512504271595,-3.31574796556175,0.060870852957340335,-3.5406428356970854,-3.5063291450320495,-1.3347693825024958
183,0.7399363113685276,-1.755003990309343,6.749436882964709,2.848697472615886,0.18381632608555826,3.704138897008377,-2.169113772363901,-3.50978154168742,1.1411367541614434,0.6861939954854017
184,-7.755883603397558,0.16498528908319623,-7.468988688709493,3.71025689436667,-3.0146203619874723,1.5794554586732195,4.637622075408803,-2.843566281738511,-4.936381135702026,1.326523464045233
185,-3.138312602053587,3.8211472644343867,-0.015542823427766805,-6.990385103907574,-0.7665418873003259,-1.9361714529557985,-2.7104029571461346,1.999713044089877,-1.3867818914806564,-0.3903663356610746
186,-0.7192733972791223,-6.974708334591716,1.1939677074791462,0.8837041304358499,2.808714505252744,2.0139483720074383,3.479272590496696,-1.6833855636540125,-2.730428582443729,0.18806529981052386
187,7.96902133782151,4.293534689667653,13.797741810756635,-3.564246254640097,-6.3749811689197795,-2.2990884795889217,-1.8539872193659377,-2.7452737873652975,-0.13195152232553395,-0.6540908559915274
188,11.431643130123785,-2.4775368290597544,14.238047994855314,-8.945892692496283,-0.03849768622166758,-2.4981287435157644,-2.7719426850412603,-2.3752657540087423,-1.2973470117576984,2.8069879007082563
189,-0.49878127487139645,1.216185054972286,2.231940810980584,-6.804078478342059,-4.5478073559881835,1.70995569928258,6.4257052907367775,3.3540783175487525,2.736540471025633,2.560402951649222
19,-1.2130539371913855,0.22337224557783172,5.514109587445027,6.208036469093045,0.8554242941725827,-0.2743414879905592,-2.000044603718846,-3.746588662833891,1.4165256707924836,0.4767692408424202
190,-6.924965734894098,-4.406654512966604,4.4309508011403445,1.279000629830058,-5.138782647730217,4.802579650744921,-0.8130673072578045,-1.9841217996702456,-2.561610484182617,1.0788909372631852
191,-9.701569072349855,-0.49007012311317066,-4.050185477495531,-4.449135507809072,-1.9032273005418967,-1.5687919219205557,-1.5119919372105415,-1.9767262367622669,-1.1978617659250672,-0.2594083613679573
192,-4.675966649643818,-7.188064473837494,-2.3411342325725526,-14.237425830384923,-2.698638747818967,-2.999583501108884,-3.1235180714259445,0.3788491555315577,0.3167763978441994,1.8681354999532764
194,-6.877568023798169,-1.31843849505447,0.41234272983439874,-4.334041159463711,-2.5795309271085394,-1.9176747085223607,1.0035029821210844,-1.0348258792818028,-1.4716234158478432,1.0871876224945924
195,2.5866523906657006,-4.332075600109514,9.69462086743863,-2.133323729831386,-1.0972649626775486,-1.7459648669968233,-1.1469751027912032,5.237670371443654,-2.4966727825155615,4.1483844900925435
196,-8.419379823022913,-3.1875298447082288,-4.81871705494077,-2.726494517314834,0.4491031039899083,0.6894216700982725,2.444504617534949,-1.5871211651465469,-1.6604727494404674,0.6832589099494091
197,-10.28683734251344,2.560284954488471,-10.85363684594408,-5.961318886766626,0.9668115388243042,-0.4969481960452375,1.8111576268922238,-0.48999610697376794,0.3034859502582598,1.4499906254009085
198,-9.903821862875454,-0.22450426468683055,-7.326822187258997,-2.673835543597027,2.1713596437267935,-3.0366243133102007,1.8281448060062135,-0.050836853913817495,-2.094641878850962,0.9586168506365772
199,-0.8997441321494511,-0.8829709078863518,3.418184302471765,0.389333216302934,1.4146895354603821,-1.0997676593433763,0.7533327476029578,-2.527278710135852,-3.741971435764452,0.5200039619429113
2,-12.114348473765434,-0.06275873303214677,-11.366380377845417,-2.5746285497442307,-1.9947369657007683,5.725570704850355,2.2659526992562835,0.018957156955558135,2.1797504783331574,1.166306591144511
200,-7.53386325128926,-3.6858015975865706,-2.447510969744295,-3.297348701846327,1.6618235469575164,-2.3961763998573042,-0.039636612138279195,-0.27314389116242455,-0.8257011243466346,2.358899138287419
21,7.929782364669301,5.886275444815286,-0.9176902654394109,5.9404589345559735,4.111106401880551,0.09105208295721942,-0.21102955314274846,-1.6045796853970136,-0.9552554705959493,2.9964966786187035
27,-8.281429480279078,-0.7528339100652077,-4.924664869429504,-3.0765963514274555,0.2969377837971844,-4.754983040723699,-1.0820200198355465,-1.6776250822085836,-0.4319438369334036,-0.8778357417258169
31,-9.908234366426965,0.2557403214999729,-8.13926979204901,1.4381157921871346,-3.5421643478666742,-4.277305532932024,-1.029017540393667,2.056542225499663,-1.1061323350594034,0.5361458101148964
33,73.51741880945544,-16.344377082055804,11.11260947177966,-9.766689595171872,19.894461100302603,-0.9035072100341606,2.271923287629313,6.82361181645537,2.676673838575695,1.8283089214364998
34,-8.966050352988542,-3.311617416621462,0.3240857594367552,5.942661795630008,-1.245902252578988,-1.02933919461857,-3.45429094956905,0.514766976551049,3.189502858651962,-0.39268580016415905
35,-7.490784057800949,-0.790751245412314,-1.819688077979581,1.8733322209472598,-1.2541269294605806,-3.2878761195289354,-0.32713828299845277,1.3253273414603837,-1.2678908888307066,1.4759435745357863
37,-8.458701387513324,-3.4979052998624804,-5.130000161252899,0.7036270180214573,1.0114596594294885,-2.7420647631999415,-0.7180663274003541,1.9107276783554363,2.0814898730139046,-2.6024353735884476
42,17.396369633897482,2.00201313612614,4.356342580826174,2.846423054385078,4.480536001028976,-1.4945988198057656,-1.648832755594367,2.2342471893750258,2.682875168488601,-4.637851544556857
44,-1.627349128424958,-0.6135861892208718,-0.7315179251233764,-2.2578829552803206,0.8473221660908907,1.4073682992779935,1.5452162125509996,-1.1161831970835139,3.308425218793601,1.5459930046625516
46,2.39629886020085,-0.47895200706373464,1.1964085737372316,3.0159938622580524,0.9832350035332632,4.406171042789167,2.340885417249338,0.17872662240878262,-0.9141009476054185,-3.3496265672933636
48,29.261317795803464,18.832783311456076,-7.81299774426075,-5.585849688502085,11.102115439715167,0.7170347595277368,-7.56120578689628,3.894697408849831,-5.4478175990025814,3.089791818520812
51,4.986991232586791,0.30640681235526046,9.936772538331867,-5.920641347271596,-0.8255371979420664,-0.20140107486816777,-4.331055178078836,4.438204060036623,0.6807148112179338,2.082831955538933
53,-9.213408524004693,-0.10926184421169106,-3.4224976013680726,0.5461553325384239,-0.0994145659657585,1.8735144142028801,-0.6315596883115716,-3.5603514506446556,0.8015708201347493,0.8515096685363879
54,-3.5469393664628703,1.3792140648597953,-0.3086789126456204,3.9541128451134893,1.9413865501838432,-0.6314709672770114,0.14791679111849865,-1.8187868225364532,-0.0076006310834912365,1.625700650528579
56,-7.3683554748138125,3.3768625168554114,2.3571905654314156,-0.284203140543483,-6.469645827990592,-2.2937151657699895,-3.8913761000504086,-1.6896364462603823,1.5799728657461372,5.245407568581375
57,4.319959979440389,12.727730678484956,0.3658020064326912,-0.6596965074110548,-1.6120029170317975,-0.31523241024887055,-2.0614479240320285,-1.7269724058708422,-1.030748153558328,0.9874445314975198
6,15.361914745890045,7.8480295987227295,1.1036997359034189,2.2606458706742956,4.952416562127509,2.2376305413412036,3.648732332030168,-0.7268469212442731,3.8364683612223773,-1.7637188006818343
61,-3.5721436443597003,-3.495009199253712,-2.6643318992708283,-3.4607945016111223,4.011141222826435,-1.0918348834304163,1.7977961867102463,1.29724429364181,0.4056162284812561,2.408027462692605
62,-7.612721952844942,5.119261838770347,-4.721472837001684,1.2502991134174146,-0.03929711848328548,-2.3667274996043335,1.1260764126481697,-2.307211227009132,-3.1708222199407077,3.8508483212269256
65,-5.7278586250511765,-0.03206844228872479,-4.030436139859243,-0.24256396798364177,2.0409588925534967,-3.1655108875893525,-1.713836956487973,-2.234410663245674,2.5022280445481213,1.318241734541775
66,-3.734028455537385,5.097701252277071,-4.981457588966682,-1.308333051787114,2.096319113354623,-2.3303882430669782,-0.40739029310571334,-5.250871403875608,3.9169426757499415,2.968170110788826
68,-3.0239012304559276,0.178779606937446,-3.2982082813733427,-10.9747622084821,-5.971691602164181,0.9916033184548478,-2.8653288772341274,4.35494598691439,4.081803456787697,2.2754366773150365
70,-8.689396535563082,-1.866484037448794,-4.900456472284315,-0.36840533416080484,1.3024641735315061,-3.2527736318265954,-1.6504133467721303,1.5075795440720787,1.9421112641098472,0.4612404751104233
71,-13.96252209941274,-0.763553727029566,-8.338716720760662,-1.1013324743923936,-1.2499302462258535,-3.2028123972373588,-0.05708344982534887,0.38807954913400683,0.8766066482270486,2.5525057404086833
72,-2.8215598494222154,-5.163068718934891,1.4708402673213352,0.32298198722332516,-0.5225240573864279,-4.825278662983717,5.650260906127886,1.110201567149156,-3.7620125821879795,4.527099605395374
73,-2.768234205918595,3.5172852383910858,0.6611894993727881,3.1922494554556433,-0.5225975306532442,4.652032606484742,2.8323522115654973,-0.8927694499653677,-1.134625010538441,4.248833857398747
74,-9.488169256912593,-1.7978474843519079,-4.2150815055194295,3.697749173591111,0.5283528170261129,-0.02193560450303441,2.850648594794313,-1.734906437516153,0.23327236801875634,4.146974397595293
75,2.471323249906159,12.355966734072233,-4.590482524000528,1.8686625609245875,3.3130581652992874,-2.7364364911901253,-2.027830406353653,-0.928662014254407,-3.470712570895923,3.6553153838307217
76,22.426602687891943,20.09161622920479,-7.9289931161905995,-0.15752748955796725,9.86819367953637,3.371257536570503,-8.936275500075967,-3.0740436536968136,-3.512824067241486,7.158994382315287
88,1.3979453314318961,-4.15952193125751,-4.546530206803502,-5.317452709813002,5.0837601827870875,-5.07290973919977,2.9649137848570617,-0.13460782422016568,-2.625757260944616,1.6403271557394115
89,-7.437805527077156,-2.579791520500393,-1.457238964014224,4.273717148595133,0.4901900862286583,-2.488125947977918,0.14428553200383684,-5.321016640298234,-1.5388271954467916,2.1406552522638043
95,5.518918918780892,-5.9465779276171595,-3.0514858470083253,-8.684943355917374,6.630564141591668,4.34075127604402,2.2122028558411633,-1.2142095729821616,5.023110753383947,-1.6607736095130037
96,-10.489402994339537,-0.7538260778234794,-4.24420903940258,2.686702202419805,-2.5121697120407758,1.2133828156419295,3.2018564242807632,-1.215358863710103,-1.5665456599521097,-0.6483235138842539
98,6.211511739127716,14.808445512972348,-5.816319573335237,1.8110621327001784,-0.14769184347037168,7.766962589149078,1.2208421684796003,7.0404534786402175,0.8966013819702713,0.49773893616175513
99,20.438027544825697,21.026452810767587,-6.177840130939709,0.0703502584973813,6.537936894965027,5.000391885451027,-1.3417041900602533,8.68396429992572,-3.077961456622249,-5.764792141512421
101,-6.409567893825912,-3.0613108058775764,-6.019930292547576,0.6011464419110011,1.204895961773442,3.9613562614568396,0.3545122158829816,0.09654728367996791,2.3953818283225217,-0.43765900384665657
102,-6.892001641829239,-4.4432118829069704,-0.977806978420771,1.4382256718090525,0.3086335712942994,-2.458803353109151,-1.7926944248717436,-1.0071935875168698,-1.525900290247956,-1.9878454361878486
103,-10.87532310788116,-2.207976599304281,-4.836622644081587,3.5178833634109075,-4.073893912604608,6.944657611524079,-0.2828217946708867,3.2913922884524704,0.43177436497997124,0.9929524076445346
104,-6.955193975795868,0.1519539982852469,-3.5860934052491857,0.5542246799218118,-0.25905830771951666,3.525913712671755,0.7325401836335013,2.924684299001834,-2.713350802932209,-0.9884321949335364
107,-2.3997248864354788,-3.436879472753135,2.8470422018057078,2.633961441708972,-2.086097496265238,2.9414007046227253,2.84321694753387,1.6382428245962053,-1.3747649486939066,0.3684937726525639
108,2.46417071286722,1.0455387906061497,7.738738854340457,2.596488980927225,-0.5305000761313916,4.054982403082985,1.2871781549646066,-0.638692890541094,1.1894362765281121,-1.3184808482958779
109,-3.7145759772861875,1.644062151112686,0.16475458699743178,-6.465981205838081,-4.5599465854686985,6.106628188329097,-0.7120378511827281,4.850922690588304,2.3064299075585053,-0.5147098918242465
11,11.257737259065095,1.9790828308522326,9.507246406956876,-4.916620778359106,0.3182671332194141,-0.8161004445508567,-3.4796843874036982,3.1760414609697913,3.807423004003407,1.5448463828792371
111,-8.861674617645177,-3.370493162006724,-3.617361815038758,-1.847175963681334,-0.424759597496538,2.216058263951667,-1.2392784796783607,-0.4829687756734318,-2.483938157797416,-1.0500400458224208
112,2.9450844337563367,-3.8926979477533457,11.613149685972909,-1.0396900958738178,-1.5593120437917345,1.2010175978323239,-1.9342015701170954,-2.1429252155848024,-0.7915286279537984,1.272370994978322
117,-6.736128658183418,1.7322058710477897,-3.983674167957901,-2.5325060790262994,-0.736504605627595,-0.7673848839889615,4.995748211731124,2.535482453569957,-2.263729261522862,-0.9945516701406164
119,-0.8248839140133183,-1.6744691237356537,4.77741177866526,1.4448372568092995,0.9154132457950306,-1.1721892376974654,1.359714300481938,-0.5682019498515313,-2.738348594617053,0.4213322264387617
12,6.450819165498004,10.755226645283782,7.321040386409104,10.569107354506654,3.6239254296755212,-1.4855702794974055,-0.4275259982917039,4.402573763166753,-0.867128114544957,0.3233124261678948
121,-0.6595926342128161,1.341410373477055,1.53678917703957,-2.4090976856052597,-2.969100406311498,3.032301930349906,4.790190923226875,0.646093776471528,-0.4107874723893367,1.2512033704883188
123,-5.7701656915043245,-1.4910349103672893,-0.8087677625462911,2.195506977136967,1.4477355162286205,-2.0519197951538,1.2486653199720632,-1.6970158184067659,-1.9869411984899668,-2.396567316943486
124,-7.584001834815067,-2.8001805342803294,-3.856861607558422,-4.995065884708331,-3.424617523429549,3.6761311506063485,-0.24667907280213078,6.028097627000698,-0.06506063114382274,-0.20278401136435056
125,-10.796755164374554,-3.6289128491628686,-3.1472711160900126,2.6904179725797337,0.12518116708204877,-3.8561837075774603,0.960832253816983,-1.5141403364036536,-5.083630568174687,-0.9291194758420446
128,-5.198888521730645,-4.679880374698174,0.9341404806943767,8.406330899198448,2.6384652127024326,-0.3070152008382556,0.9481904155029294,-1.1638373701143285,-2.5745756468590946,-1.6454586018351969
129,10.367709580077243,-7.781084795577679,8.271390628120159,0.5568130205777515,-1.1260952075900272,1.2434761356395962,1.1970969721048346,3.445911459168655,-1.5405103619739056,4.467510778609421
13,13.057204375971693,12.354839052049508,3.6516309100964612,3.6133442249716925,1.8946172092059659,-0.30403189456862845,4.303588915574243,0.09435768669570241,1.6629508299766191,-1.376851152973759
130,-9.321756045873997,-4.91306356849425,-1.3416649620273096,-1.1111601405306335,-0.7706889381858651,-2.81281034180523,-0.8893516415576294,1.6436414990309869,-0.8103389227210929,0.5585426671104141
133,-11.314981765640704,-4.036544743471587,-4.747236935173681,-0.39445707443329253,-2.9355776830229794,-1.0034708798889334,-3.5413830130331228,1.9429708157337664,3.0051012231957426,-1.5065473792899533
135,23.483265498338785,17.02130695243975,8.488245742944802,-5.378735613934065,0.37569863476088644,0.5746686877475419,-8.584779597574503,0.8142311260053005,-1.8158484667997605,-0.05106815162133525
136,5.782796247496967,5.386128956040281,8.90467827433346,-0.46245328843562894,-2.5929923590135586,-0.6602713061334021,-4.6130663845697555,3.994833005309332,-2.2243584416081683,-2.159275079124698
137,1.1217782599233401,-0.8906010213261792,1.7944052217120277,1.8840396432459312,-0.4639969228221804,0.19775079154259198,-1.7958661916015988,3.790080116307645,-3.0533740530317446,-1.765158371123558
14,26.986901506756507,14.876654995654402,-1.375814210313566,-4.442486851164669,8.180868582886827,-0.004227616317871078,5.188580418180729,0.8995078589098547,2.351545917295064,-3.044193885974994
140,-1.7773690034500682,-6.848106927873642,10.481473243284745,7.764683726599193,-2.637831224904129,5.051889933022954,-1.043246176437886,-4.0765775702908815,-1.9999388878968307,-2.9439160335102215
143,-3.7050851138325576,-5.652663159489144,3.971453812140991,5.2204738238766915,-1.480474801929463,6.32848473569917,0.8430916682043913,0.9740966086506372,-4.246559851435418,-2.6505792116108244
146,-4.947848209952799,-1.9533314936195287,2.939948743284642,-4.193925636429634,-3.6081402980458366,-2.7658742849190032,-2.973834348938722,1.0250458522948418,-1.6298925078739948,-1.1922952746211515
147,-10.555448131611628,-3.709820616990986,-3.7541191147701665,-2.7291139148913843,-3.465678251308777,-2.2178783288636628,-2.4705043309220893,1.6457019170792582,-1.791277442168229,-1.681807121281047
149,-8.672871129386825,-1.2383938674243777,-0.6314719939894456,5.330115896464774,-1.1211865990930696,1.095076017298704,1.3525782646171869,1.1077382610056887,-3.2850073341137156,0.763339831714015
150,-5.637104296914671,-1.6632063895733624,-1.8500976318837048,-0.8503813223820209,-0.9420189340220465,-0.5902202676479678,0.4078340684329773,2.0306213585141797,-1.7410045793047824,-0.3610294479286452
151,-2.0679109222397978,-3.6861117640587846,5.878337303111769,2.0262679277657734,-1.2056971751118382,-2.514488133507885,1.345191899791326,1.4636455011388048,-3.1734842014248805,-0.24493300994504036
154,-5.52020719595986,-0.8933939847061736,2.7394108922778804,0.9284070738158345,-2.525515253191001,-0.24098318503434793,-0.2653343027538356,0.28737957724218766,-1.2717444965082072,-2.01473216550136
156,0.6423171966589828,-3.888488678042992,-1.0453756700162955,-0.7750185839066555,2.103306853314099,3.0851202585514517,2.237377346859778,-0.6733744324625635,-1.2650496675545273,-1.8444339028649084
158,-1.742041956324509,-2.408008514290094,-0.38884999146554194,1.3619476166083182,2.015373165737217,-3.0170792283063426,2.938474499102152,2.051382226278768,-5.5232961823369005,-3.4861483933207333
159,-9.786692397508716,0.4366391159345666,-6.848745761773098,-3.215850897346704,-2.2078216732546996,0.8284926103716657,1.9337705986051723,-1.2257600283695758,-0.3458353774317124,-1.217472701031433
16,2.3866335177531237,-2.5382035237469807,3.059482150333714,7.868708728446548,4.404710183444655,4.599433639208108,1.9707437343729002,1.7810693615906676,5.848526501630811,-1.1996217844517825
160,-0.8772903211837502,0.8095322448257831,3.776505269059673,-3.6964593384026614,-5.762581739854854,0.12591843792905394,-1.8137921543435316,-1.681273057514013,-0.15723042171143303,-1.1240325067624175
164,-0.058145616903913316,-1.6589563047017726,1.8180891876516703,-2.2037495034836114,2.046451313533572,0.9844143847259594,-2.3476435201239854,3.61581193298369,-0.4732815801780178,-0.8044110791858599
165,3.6547209886067082,0.705695779968899,7.6313595183802745,3.80213177620588,2.148855231859326,-0.3811975864047148,0.8099395732863213,-0.09432392402251616,-4.464213682010702,-3.0010470498931574
17,-12.921573518223555,-2.2009036863760207,-5.30350057294128,2.927798209556708,-0.004675432716910618,-6.842554456273228,-1.2138211134576704,0.09096670503171812,2.102936355809297,-1.414825247877001
173,2.534449385182837,-3.0835937069360786,0.7750281027382484,7.1356959302837115,5.827656169363527,-6.348803225272146,-2.6725443339322283,-0.9333564546724354,4.514795552274359,-2.379658461226677
175,6.870136255211434,-6.56623117937881,4.798149635879702,4.351909035118975,3.7229168905011045,3.2335831448773957,0.9225942863251742,-1.4324831047869437,-0.010664732218809245,-2.468801726455845
176,0.10197769062128231,1.5095915030892941,8.798963185085249,-4.692627704531315,-3.9375987630136406,-5.185059579313017,-3.27134115374752,1.434370877681573,-2.69996875524282,-0.0692134231840377
181,-6.558813848498381,-0.013990435748344418,1.093109810848606,-3.4472534228853946,-3.793376910024292,3.7216385299612624,-1.442354946696318,0.0261698965909397,1.2643394414538323,0.6114762522267052
182,-2.794101904925526,-5.576973460801422,10.610051675599573,-0.9160104283622797,-6.408862513783334,0.2872209054529428,-0.08437395963805293,3.7348075763016237,1.1618034201103526,1.7571187765390983
193,3.347625968374299,3.235128588162624,3.0122209589402082,-1.7158326537172817,0.6760934452732479,0.91207665505086,1.7607090656002888,-0.011449786979665318,-2.1404528559192824,-0.399507727624409
20,-5.11702737051385,0.6149997430868633,-2.3839920459715307,3.38832604232953,1.3377030776874161,-3.067213338149645,1.0043089633243325,2.618834245513625,-1.2850976785412622,-1.8735682944992234
22,-11.343614145747539,-1.1559754381316154,-3.858399314463643,5.152158893525209,-1.059115540972441,-1.1107982035232429,-0.6320526534300019,2.93969973925615,1.6432116365738532,0.4885182273143252
23,-6.108079325188538,-2.516528734829122,4.101734620128213,9.928001079988054,1.3853043942251246,-0.8615459578857965,1.6350469148195426,0.24696784703911936,-3.147066782916871,0.8607161871650039
24,10.265793992545124,3.920546456462843,0.10096402071545188,3.863225706650756,5.615775214718491,-1.9439090255671179,2.2176549461678885,-2.240429219353961,6.122032264274594,-1.2546941686246702
25,0.9470667149347476,2.8886272416449623,6.699931166235645,6.988210650688961,1.1957823176231315,-0.055734807767102844,-0.5276666991840349,2.065025588810776,3.5210672504730782,-0.7787139846061903
26,-4.923175678492087,3.3715777749413918,3.290203182540316,5.41898554227837,-2.234096901019537,3.1145130030110812,1.3577685255877983,0.6492605075685979,2.961215357609459,1.5074492479966102
28,-7.197472292691593,-2.862951026279835,-2.0323185833178194,0.09440491636620758,0.6566937279134029,-1.5236506533994147,2.665374407529771,-0.8582189628041146,-0.10543217978959207,1.1722279784878913
29,-1.578082585643959,1.4343218896649494,2.7604935974887166,6.569042484652892,0.5638203940925557,-0.18791604268464873,-0.7264998199612145,0.17161332116605582,2.9129046114216033,0.3311615438193671
3,-8.059311627270386,-4.294703090722731,-2.84740415465086,4.401754279594403,0.899073448369617,-1.1272244532848907,2.4166519351044173,0.2894894202535324,-2.7164463996561956,-1.1898064300108875
30,-5.494736004894477,-3.2259513450356523,-5.2730469431881595,-0.3967967371609345,2.7425611197354507,-0.5793150643896406,-1.281558591593393,-2.0606157520589585,3.0493362484750706,-0.8312510847428585
32,-8.519566877127968,-0.029979038708863013,-2.3820176807782603,4.267489605610139,-3.7452762058818436,-6.806591241346028,-1.1100111003415671,5.022347483435363,-2.2511853801270534,0.13536776222275654
36,-1.3802826525587208,-1.0747300898945915,-3.9970596323068968,-2.919733463493564,3.4513649263798842,-4.399348200732804,2.7570288998886365,3.0890004368905046,4.512020084285935,-2.005294037006161
38,-7.959998822108509,-4.2449303200450705,-1.6978917458342415,6.218348082266329,1.0836880448681199,-7.308356085201153,-1.621219061622475,3.4730758813859937,3.007219075837319,-3.93793734297851
39,-10.825404879459441,-3.0781049628410564,-5.155722674851296,2.7836800678019697,0.5482851315162477,-4.4623045110977815,-1.057515462835199,0.8155182765424085,1.3793996458694198,-1.4946727597015683
4,3.2751249106584104,4.009089518132102,-0.20275083682965253,3.2253181178797288,2.4367157361583045,-1.873337097719216,-5.518908282726062,0.3784097597120449,7.575741922926862,-5.196125739578668
40,-6.4947346042220095,0.7890196671858299,1.4027871699152639,7.964815508487914,-0.5592349491666324,-1.9045944192204285,-0.31822027984354534,7.638235346045276,3.550836160409218,0.78618918050149
41,-7.458631644965442,-0.7777340035264438,-6.904652199327993,1.6586213651574624,3.2173870754681357,-2.645605804446769,0.38954155378096816,-0.8467079394946572,3.2382192470012874,0.9630231942545974
43,-12.457357650022557,-2.073710028792234,-5.732138658551929,0.23390175241962252,-1.2329385299751905,-1.4979907293313963,-1.4740522256968336,1.5520374845296638,1.2188247963742815,0.9996221555678008
45,-5.278573478846144,-2.876878856152001,1.3258111050124919,3.8245765118717867,1.8961383120997644,1.312158076351794,-0.6161746617584107,-1.1568118747866791,0.5540313093196857,1.9296886328768748
47,-8.886452054165446,0.8719860124691585,-4.774562623218126,-4.303953106310942,-4.394779259924444,5.5766111739009885,-1.8992203297933246,2.6437158921819233,1.7593947205608989,-0.04274456436604661
49,-4.821231690305878,-1.1917278823573725,-0.6031666100557936,-3.303587257997813,-1.9963529487231364,5.427407424774487,-0.44947785364004983,0.9762758853037119,1.4258873015927034,0.11284641798980002
5,2.2392813558386835,3.054374565506476,9.155878073611618,8.6704453164863,-0.006222597430063157,-3.8658174419774345,-0.7264396480432823,3.7201040997897943,0.7869409054696118,-0.9697326951933417
50,-6.2979200076466535,3.0879138404274817,-0.25751694178639417,4.809954946193178,-1.9820667521577342,6.755029354470656,2.9133958449247612,1.7916152471568563,1.4045400205824412,3.6613488530269636
52,-8.613808192324708,0.2329441109227494,-9.185974544088523,-0.7527509242663147,-1.4880747875013502,-1.5207153972612106,-1.4087268948574703,0.17220955104218552,-0.395952395078471,0.6301447878254656
55,-7.160711184814811,-2.0883506459933967,-6.3626592134198345,-0.4053927905523584,2.4124797901043706,0.26031006873907575,1.3902872752191773,0.8182624631865685,3.0247397925957924,1.4598409859572454
58,-8.700630899806603,-3.2535745255879434,-2.64173058873216,-0.5960667292604774,-0.10559819041970916,-4.294925991460983,1.517905490564318,-1.6954793255021754,-0.842444307468375,1.2227586388902212
59,-1.4694914663195358,3.359009287154148,1.5707648349419863,0.33981629253424267,-2.880474570016933,4.383756081754228,6.276418789187548,-0.487833027846028,3.006931372896919,3.733886655688676
60,-2.5976486654259747,4.3377911260430135,-0.47983787313234144,-0.5394654465479476,1.3222109596832068,-1.896882527986578,-0.13213502538361074,-0.19600281318324797,4.393391864616743,3.264683476036417
63,-0.3218050477456585,4.556197896153608,-1.701694733199951,-2.013983686267585,-1.4049567365813596,-4.205158264634409,0.6405320287402736,-2.8844197342127655,-1.1266192703498759,2.4715803947115464
64,2.1204042608176366,6.254055383178112,-3.5936158973956003,-1.9319378522756336,4.006661406081042,-3.1432738250690972,1.8705287452427433,0.10053038777354067,-0.31388546839039333,1.802563660694854
67,-1.1212396375161535,3.2049465211708146,3.209465856948357,0.6872595209739547,0.47233802544351516,-0.9233744549859089,3.073747099114424,-3.4477470135060297,-0.29351415579731865,2.8909044080323123
69,4.527463864239926,-2.9065886832534393,12.328491813236225,5.8662248127044,-1.3159928516707369,-2.5358868477956085,-0.13196180578454708,-1.6648874769058601,2.8617591204159187,-0.10998046292729066
7,-3.493417165073533,0.43646102770802103,-2.1497426725672852,1.4979562093884387,3.1795895496899464,-4.383231646897309,-3.1582214683976306,-2.279338772969114,4.374118184040823,-2.8995518808954674
77,-7.327069058415978,-1.988812920662892,0.1399135516809319,3.5199268173896923,-0.5701265624801318,-0.9168404791859338,-0.16821923830898977,3.2632739280388927,0.16578052191250148,4.2350557242743125
78,-5.652980944358472,0.4450265918079591,-0.12256365625068112,2.0853738651735605,0.0013637202103663514,1.5808879095876407,3.543604751419798,-0.4319446238756842,1.570108274720737,4.595539683996402
79,-10.103228936171048,-1.9446775895401627,-0.6308071533320285,6.207076822339488,-0.5016310085354673,-2.1900538807165564,-1.4039144490528181,-0.2520131601281723,2.6386878185901357,3.5100182389682697
8,-8.089348845907976,-4.067862364970055,1.5425279893158468,1.5446773812069525,-2.1940459818253464,-1.1726885410405237,-7.187080650142123,0.4415386420257659,8.106528432483467,-2.8735330135118398
80,-3.509902274828887,-2.029003533263931,1.6056394771047084,3.036895903108881,1.0806214091234363,-3.269972158422762,1.4596885117329468,0.9169558596934504,0.6119715076230733,3.1098810133382857
81,4.303735793562814,3.8047391795432035,3.0381288140498945,-2.4807901932965164,2.5499222568289843,-2.7900678138839567,0.31333648901912553,0.06155430090558533,3.60477858754834,2.594611736975252
82,-10.165414639503577,-2.5226986467951815,-0.3836746935821526,1.3262491607403135,-2.0925086027705686,-4.146978976128593,-3.3890513617520837,1.5294467287641982,4.646067914670565,2.849505774193045
83,-9.124147702564962,-1.44387556378198,0.05174647009940776,4.825904902191263,-0.25990907502284244,0.7530392206726503,0.8895782341083582,-0.5346889489575565,-0.26671311629244093,3.5505852393241493
84,1.1950933994866113,-5.064057169452608,9.40244581631373,4.399743175014612,-3.608588457137352,-0.4917622828928978,2.2917922601299847,9.418251661560287,-1.8816320125319081,2.757659661412614
85,2.929410222873439,-1.8728790700419646,5.534675714692024,0.9149109614139078,5.375087946442354,2.314212761916331,2.3853883834933645,-3.5845232618552267,3.5612284310540487,5.444339056996272
86,-11.23133209457707,-0.993789610486931,-5.5132409859134475,-0.38993706381332144,0.49561204209690657,-2.074013580424145,1.8704535587889517,0.47318396151445485,-1.819139276779395,1.6628803407099906
87,0.6268328841750226,0.09289326622319377,5.669550151758431,1.6891943066581043,1.865169594928686,-0.06625219649945781,0.7592561713624938,-5.184546892122769,0.27297320213220483,1.0885604061807759
9,-5.091325570934172,-2.4169930214639583,-0.2584955512910019,3.06090456977837,1.7542364934613992,-4.098642086638753,1.2446950041915203,3.2303786869727573,-0.7179693452638033,-0.5906878368389396
90,-4.086037350881124,-0.9785436510567896,4.121209014773328,-4.5654768899126985,-1.461084780501544,2.3069846861961354,-4.682622185304502,-5.5241320253817205,3.052280333870809,2.3625658406892507
91,-4.673226810473405,-0.15668067625148482,-4.06944278760358,-3.6630815312435767,-2.086082777350941,-6.484516476723517,-5.4610534703013895,2.0402302728222574,-3.2035444232284878,-0.8142827150836456
92,-7.3357163139601544,-3.222309735164621,-5.73783578261992,-0.022560190645289014,0.8583999643016352,0.11638516874644911,1.5914857851145527,0.3626584983815349,-1.1010572606493196,-2.644216333849964
93,-13.316476708792171,-2.671001106659656,-9.474299323866997,-3.1340279416120738,-5.035378653481586,6.6503909789547215,-3.1180311607828766,-0.20011894401463798,3.4907371931201228,-2.553200765997818
94,7.323213675568721,6.5473569006239885,0.23162367874333056,1.2147543543736992,-4.875985020541281,0.4770124540805972,-1.6582105307871078,-3.286146331693415,-6.861855960159114,-4.499875842714889
97,7.717526389644655,-9.398849677463737,-4.534724899336499,-0.07025870466703728,7.771595344933855,0.6308258477006823,4.223682570736972,-3.4907685491595775,2.3681643922071265,-2.8657637795172546
