feature,group1_mean,group2_mean,group1_std,group2_std,fold_change,statistic,p_value,neg_log10_p,significant,n_group1,n_group2,p_adjusted,significant_adj
LPC(17:0),-0.2891320089879757,0.28624068889809645,0.7307898653499059,0.7807286153503186,-0.5753726978860721,-5.367746282186463,2.2356184393223587e-07,6.650602316991844,True,99,100,7.869376906414703e-05,True
CE(17:0),-0.4310135056000375,0.42670337054403584,1.239265901886016,1.5616362418540788,-0.8577168761440733,-4.293954830298679,2.8086254470105996e-05,4.551506173629476,True,99,100,0.004943180786738655,True
SM(20:1),-0.3853557859722875,0.3815022281125625,1.370178045146439,1.365224166620488,-0.76685801408485,-3.954669159529531,0.00010685140651579613,3.9712197567191105,True,99,100,0.012537231697853413,True
LPC(18:1),-0.6647785155437377,0.6581307303882954,2.5103125098766803,2.7070423750906545,-1.322909245932033,-3.5749864161140334,0.00044096721622983087,3.3555936970167948,True,99,100,0.03880511502822512,True
CE(20:0),-1.4787294058489315,1.4639421117904394,5.465605758086611,6.57271294368305,-2.942671517639371,-3.435320741717382,0.0007257961690197585,3.139185328472153,True,99,100,0.04128127606379417,True
CE(15:0),-0.36638713096028047,0.3627232596506772,1.349044048077767,1.6699497669474475,-0.7291103906109577,-3.3895487976023353,0.000851813804113448,3.069655326223151,True,99,100,0.04128127606379417,True
CE(22:6),-0.653069986498963,0.6465392866339751,2.8432339107999134,2.6363301512935045,-1.299609273132938,-3.342690732851523,0.0009941479315387343,3.0025489867588555,True,99,100,0.04128127606379417,True
TAG52:4-FA20:4,0.43169238446930913,-0.4273754606246161,2.3120570439629007,1.076702500267226,0.8590678450939253,3.3543796983850336,0.0010267317609517863,2.9885430032913054,True,99,100,0.04128127606379417,True
TAG54:4-FA20:4,0.30679772139162254,-0.3037297441777066,1.6305123767022154,0.8338533889845604,0.6105274655693291,3.3204699603771157,0.0011358108960781202,2.9446939693522394,True,99,100,0.04128127606379417,True
SM(26:0),-0.10472219451854925,0.10367497257336376,0.4338445189522797,0.46672278272891277,-0.20839716709191303,-3.262774358017186,0.0013012935385291538,2.8856247266636257,True,99,100,0.04128127606379417,True
TAG54:5-FA22:5,0.259672956146133,-0.2570762265846722,1.4872882444432192,0.5268094450951741,0.5167491827308053,3.260459274261687,0.0014420093805512803,2.841031914437389,True,99,100,0.04128127606379417,True
TAG48:1-FA16:1,0.7549103255225075,-0.7473612222672821,4.2778871462308246,1.730888905490252,1.5022715477897894,3.2413036115771003,0.0015141898568248316,2.819819667371003,True,99,100,0.04128127606379417,True
TAG56:4-FA20:4,0.1398365098796296,-0.13843814478083308,0.7568730221647486,0.41113389133690964,0.27827465466046264,3.2182326144516407,0.0015790220803650807,2.8016117969621517,True,99,100,0.04128127606379417,True
CE(20:2),-0.18753192447582268,0.18565660523106386,0.8112168393530073,0.8376740076610567,-0.37318852970688654,-3.192541466367003,0.0016418689343554499,2.784661514304311,True,99,100,0.04128127606379417,True
TAG52:3-FA20:3,0.31721505558820223,-0.31404290503232024,1.8667834400089365,0.6663454269219328,0.6312579606205224,3.1705507316456667,0.001922995752841349,2.716021674950081,True,99,100,0.04512630033334365,True
CE(18:1),-2.449120900378066,2.4246296913742866,11.40702830038581,11.043257894275449,-4.873750591752353,-3.061752772183316,0.002508232749046232,2.600632166032543,True,99,100,0.055181120479017104,False
SM(26:1),-0.10796862571614588,0.10688893945898513,0.4928987170445887,0.5034884814527567,-0.214857565175131,-3.0418810809472236,0.0026712229905168643,2.5732898560787074,True,99,100,0.0553100289801139,False
TAG56:5-FA20:4,0.3469243237368872,-0.3434550804995177,2.0600977053072143,1.0453366481945408,0.6903794042364049,2.976547622353181,0.003417004062847215,2.4663545048210564,True,99,100,0.060298965264318605,False
TAG48:0-FA16:0,1.3945787439526407,-1.3806329565131157,8.998706782297953,2.384555763322689,2.775211700465756,2.9671520553753035,0.0036781983510720197,2.434364854637544,True,99,100,0.060298965264318605,False
TAG48:1-FA16:0,1.384816840388597,-1.3709686719847098,8.754654082886484,3.3750954770734483,2.755785512373307,2.9242594227850724,0.004094046007824288,2.3878472811576503,True,99,100,0.060298965264318605,False
TAG56:5-FA18:0,0.22580545211955094,-0.22354739759835507,1.3961337971989733,0.6378881058515675,0.449352849717906,2.9153078760080544,0.004152867945729592,2.3816518785103398,True,99,100,0.060298965264318605,False
PC(17:0/18:2),-0.1916364226472124,0.18972005842074008,1.0063909412484005,0.8625565152168221,-0.3813564810679525,-2.868836858304025,0.004581290170487822,2.3390121999395532,True,99,100,0.060298965264318605,False
TAG52:2-FA20:2,0.25354801042844516,-0.2510125303241609,1.6834300782657343,0.43271206640442705,0.504560540752606,2.8891989462400733,0.004647148272827134,2.3328134706148815,True,99,100,0.060298965264318605,False
SM(22:1),-0.5257384763827662,0.5204810916189333,2.5589292249421014,2.610860212064281,-1.0462195680016995,-2.854769510619626,0.004767853880817282,2.3216770627743526,True,99,100,0.060298965264318605,False
TAG50:0-FA16:0,1.295258319525699,-1.2823057363304415,8.58906191919877,2.3872091765116132,2.577564055856141,2.87792301310443,0.004788487713085409,2.319801622610912,True,99,100,0.060298965264318605,False
TAG52:0-FA18:0,0.5754539425877161,-0.5696994031618388,3.8213585413936446,1.0410854260766766,1.1451533457495549,2.877838163584625,0.0047939061607558935,2.319310471400565,True,99,100,0.060298965264318605,False
TAG50:1-FA16:0,3.2004426334718983,-3.168438207137177,21.17268766408243,6.349648711240574,6.368880840609075,2.868024902803895,0.00491273392309915,2.3086767569030435,True,99,100,0.060298965264318605,False
TAG54:5-FA20:4,0.6109888767288338,-0.6048789879615435,3.7162169038708934,2.068733019145707,1.2158678646903773,2.847737343973849,0.005008251942870162,2.300313831825169,True,99,100,0.060298965264318605,False
TAG50:0-FA18:0,0.7741065881231274,-0.766365522241896,5.2303449626965035,1.3295760789753144,1.5404721103650234,2.8410290483409004,0.005355556966164697,2.2711953568109076,True,99,100,0.060298965264318605,False
TAG50:1-FA18:1,2.310417668751592,-2.2873134920640736,15.490143117010664,4.512348747615633,4.597731160815666,2.8365415396919134,0.005395682953786214,2.2679535770628463,True,99,100,0.060298965264318605,False
TAG54:3-FA20:3,0.1776741722872835,-0.17589743056441068,1.143057098803725,0.4931210857977511,0.3535716028516942,2.8281694782014473,0.0054064678926779505,2.2670863718050733,True,99,100,0.060298965264318605,False
TAG56:5-FA16:0,0.16499398737723278,-0.16334404750346024,1.0635170736294415,0.45801408583055425,0.328338034880693,2.8235106037460147,0.005481724114938055,2.2610828254866036,True,99,100,0.060298965264318605,False
SM(18:1),-0.36813527100916604,0.3644539182990754,1.9108566845938755,1.7885287137708301,-0.7325891893082415,-2.791531941708207,0.0057653938768105865,2.2391710174790624,True,99,100,0.06113526347049985,False
TAG54:5-FA16:0,0.46639112084067663,-0.46172720963226865,3.0484450039679074,1.304031629509154,0.9281183304729452,2.7873326361991064,0.006096577851582641,2.214913876008996,True,99,100,0.06113526347049985,False
TAG49:0-FA16:0,0.3465862351527346,-0.343120372801207,2.326051348491333,0.8023676124590822,0.6897066079539416,2.7904916964852533,0.006118282591848217,2.2133704676511146,True,99,100,0.06113526347049985,False
TAG54:6-FA16:0,0.34267744231975045,-0.33925066789655306,2.2736848130304184,0.8904682756913402,0.6819281102163035,2.7805337983914042,0.006252470127664757,2.203948374514909,True,99,100,0.06113526347049985,False
TAG56:6-FA18:0,0.17478160813076127,-0.17303379204945366,1.1709296784898426,0.4469111532132751,0.34781540018021495,2.7630034333355242,0.006587632868903061,2.1812706122121135,True,99,100,0.062327454045243265,False
TAG52:0-FA16:0,0.4687842291422515,-0.4640963868508286,3.2550490797631086,0.9187108887177923,0.93288061599308,2.7453821741985167,0.00703027809130959,2.153027495587215,True,99,100,0.062327454045243265,False
TAG50:1-FA18:0,0.5843602137646323,-0.5785166116269855,3.9465998937899007,1.59111177293444,1.162876825391618,2.7209992899308495,0.007408922732300709,2.1302449344537098,True,99,100,0.062327454045243265,False
TAG46:0-FA14:0,0.5190322084056678,-0.5138418863216111,3.625797410766711,1.0444751269751944,1.032874094727279,2.7246898868078406,0.007450958033905967,2.127787882676014,True,99,100,0.062327454045243265,False
TAG54:0-FA18:0,0.21858611385505242,-0.21640025271650187,1.5541952070865246,0.3286725320986701,0.4349863665715543,2.7250871745388117,0.007514771173675322,2.1240842392318497,True,99,100,0.062327454045243265,False
TAG50:1-FA16:1,0.5287603335671702,-0.5234727302314998,3.4759769955739666,1.6925930370613096,1.05223306379867,2.7105969517747206,0.0075465683478622,2.1222504902766257,True,99,100,0.062327454045243265,False
TAG46:0-FA16:0,0.707452769760108,-0.7003782420625073,4.963066508416539,1.400339279409326,1.4078310118226152,2.7173451796661063,0.007613865124845058,2.1183948207255328,True,99,100,0.062327454045243265,False
TAG56:4-FA18:0,0.17500897120756603,-0.17325888149549015,1.2031895701042212,0.4679467383701298,0.34826785270305616,2.6859360451400853,0.008201694391646175,2.0860964172595087,True,99,100,0.06365514452716714,False
TAG48:0-FA14:0,0.39101780441030165,-0.3871076263661983,2.73942882292125,0.891484659376745,0.7781254307765,2.6887890891554833,0.008206201045779397,2.0858578473492377,True,99,100,0.06365514452716714,False
PC(16:0/16:1),0.45315986572984357,-0.448628267072546,2.759322788227965,1.9897539189246927,0.9017881328023896,2.64206557353809,0.008973554920950163,2.047035474826223,True,99,100,0.06365514452716714,False
TAG56:5-FA22:4,0.2370293045078422,-0.23465901146276344,1.5946369972781693,0.7845404200306151,0.4716883159706057,2.6434113235023693,0.009126520323302289,2.039694774759365,True,99,100,0.06365514452716714,False
TAG46:1-FA14:0,0.4766086792678772,-0.47184259247519883,3.330386054383721,1.2818415525563618,0.948451271743076,2.646186898614445,0.009176951825346395,2.037301548130152,True,99,100,0.06365514452716714,False
TAG54:6-FA22:6,0.2935517069970844,-0.2906161899271131,2.1302729143413868,0.5823166985458854,0.5841678969241975,2.632831187030561,0.009658596399238691,2.0150859812817643,True,99,100,0.06365514452716714,False
TAG48:0-FA18:0,0.31503794831871296,-0.31188756883552576,2.2763412139156114,0.6957993707031358,0.6269255171542387,2.621718257971701,0.009921906446913853,2.0034048722182596,True,99,100,0.06365514452716714,False
TAG56:6-FA22:4,0.20112798999183373,-0.1991167100919152,1.4278833474693535,0.5262940285094626,0.4002447000837489,2.6184792500497673,0.009933902405562932,2.0028801109940755,True,99,100,0.06365514452716714,False
TAG48:1-FA14:0,0.9629083317415583,-0.9532792484241416,6.88049124730424,2.394291811240567,1.9161875801656998,2.6184858279735574,0.00995919149597806,2.0017759169063774,True,99,100,0.06365514452716714,False
TAG52:5-FA20:4,0.2729105844007581,-0.27018147855675,1.731313695822945,1.1461557341542186,0.5430920629575081,2.606505758373496,0.009960265116816436,2.0017291016126393,True,99,100,0.06365514452716714,False
TAG52:1-FA18:0,1.2752308090935325,-1.2624785010025965,9.248325341283143,2.799886562670876,2.5377093100961288,2.614183815423519,0.010134210881832409,1.994210062758664,True,99,100,0.06365514452716714,False
TAG53:0-FA16:0,0.15613419727183236,-0.15457285529911405,1.1106028657013702,0.4190183801109846,0.31070705257094644,2.6060433452256766,0.010271033107147873,1.9883858708946391,True,99,100,0.06365514452716714,False
TAG56:5-FA22:5,0.14576170193714574,-0.14430408491777416,1.026518271103104,0.4203058474164634,0.2900657868549199,2.6037753538014865,0.010295326071569563,1.9873598939375667,True,99,100,0.06365514452716714,False
TAG54:6-FA22:5,0.1650899410837212,-0.16343904167288367,1.100153440020329,0.6142031905746361,0.32852898275660486,2.5974048704871646,0.01030779328991059,1.9868342992743462,True,99,100,0.06365514452716714,False
TAG54:6-FA20:4,0.4831661642340091,-0.47833450259166804,3.353524305639302,1.574649857245815,0.9615006668256771,2.584600333859218,0.010780518673284454,1.9673603438314258,True,99,100,0.06542659608614013,False
TAG54:1-FA18:0,0.5661649551645972,-0.5605033056129509,4.233498472550146,0.940819813583803,1.126668260777548,2.585524132459634,0.011060922881244467,1.956208635643368,True,99,100,0.06599059074911953,False
TAG49:1-FA15:0,0.3584002413893129,-0.3548162389754199,2.582150040298821,1.0184565287492335,0.7132164803647328,2.5583040121039433,0.011687823242223602,1.9322663649645355,True,99,100,0.06792110082740245,False
LPC(18:2),-0.55148574137259,0.5459708839588635,2.908672863429312,3.175170533485385,-1.0974566253314535,-2.5427845529726767,0.011770418041112356,1.9292081123711595,True,99,100,0.06792110082740245,False
TAG48:1-FA18:1,0.9316757302066199,-0.9223589729045539,6.862015139289376,2.322891962388039,1.8540347031111737,2.5477051772165664,0.012107056581754726,1.9169614279286291,True,99,100,0.06800059861160579,False
TAG54:4-FA16:0,0.4662434033922336,-0.46158096935831183,3.4091864563054175,1.2679511235481171,0.9278243727505454,2.539588438660423,0.01233043470438968,1.9090216122615429,True,99,100,0.06800059861160579,False
TAG56:6-FA16:0,0.2309417332424158,-0.22863231590999247,1.6675284568225908,0.689369072915209,0.4595740491524083,2.5360395487846836,0.012392514116756657,1.9068405777021316,True,99,100,0.06800059861160579,False
TAG52:1-FA16:0,1.3381413275567169,-1.324759914281148,9.94310667026609,3.289695837872494,2.662901241837865,2.531095313431716,0.012675043626824435,1.8970505371736002,True,99,100,0.06800059861160579,False
TAG51:0-FA16:0,0.22385174902489455,-0.22161323153464552,1.685530073247621,0.4899954970016322,0.4454649805595401,2.5260796395743634,0.012903226482000337,1.889301679768812,True,99,100,0.06800059861160579,False
TAG50:2-FA16:0,2.43997442193536,-2.4155746777160054,18.25617938551545,5.8673499551726565,4.855549099651365,2.5206022867740425,0.01305231979910392,1.8843122939644048,True,99,100,0.06800059861160579,False
TAG49:1-FA16:0,0.4509362987116322,-0.44642693572451625,3.2468075938077607,1.4493316690984577,0.8973632344361484,2.513237583748668,0.013136479277242026,1.8815210149395862,True,99,100,0.06800059861160579,False
SM(24:1),-0.677948561864951,0.6711690762463033,3.7007375077445714,3.9318092362914276,-1.3491176381112542,-2.492691242791181,0.013504508410935562,1.8695212203105769,True,99,100,0.06889256464709155,False
TAG56:6-FA20:4,0.3812856797322329,-0.3774728229349117,2.808388566293027,1.1884299136889214,0.7587585026671446,2.477555949613413,0.014494300668697845,1.8388027339517832,True,99,100,0.07271322573547674,False
FFA(24:0),0.09782022522434301,-0.09684202297209903,0.6340390160444387,0.4728703317987406,0.19466224819644204,2.4531515368357955,0.015107087629010548,1.8208192516477315,True,99,100,0.07271322573547674,False
TAG50:2-FA18:2,1.5818793678601746,-1.5660605741815732,12.344013764168139,2.945336491631136,3.1479399420417478,2.468772648334653,0.01511044887249559,1.8207226342743175,True,99,100,0.07271322573547674,False
TAG54:4-FA20:3,0.40503890153256006,-0.40098851251723383,2.955102473317176,1.4020517208377052,0.8060274140497938,2.4541876516028798,0.015350404221341351,1.8138801837837584,True,99,100,0.07271322573547674,False
TAG51:1-FA18:0,0.18159273586497562,-0.17977680850632619,1.3578816836648053,0.5592686239739153,0.3613695443713018,2.4501748960261183,0.015608249159312648,1.8066458107809582,True,99,100,0.07271322573547674,False
TAG51:1-FA17:0,0.3815843826232161,-0.3777685387969852,2.846524203255782,1.1984506430594546,0.7593529214202013,2.448146542166845,0.015678407861371597,1.8046980419148584,True,99,100,0.07271322573547674,False
TAG52:1-FA18:1,1.4291690458274209,-1.414877355369144,11.002683844697806,3.655128153037148,2.844046401196565,2.4419673548311494,0.016075938512000097,1.7938236635866294,True,99,100,0.07271322573547674,False
TAG54:1-FA18:1,0.4907366010409269,-0.4858292350305174,3.88403943163671,0.8467439623751027,0.9765658360714443,2.4448459647890495,0.016120881089950162,1.7926112254312847,True,99,100,0.07271322573547674,False
FFA(22:4),0.07881819468009096,-0.07803001273329065,0.491062833086446,0.41962688580704427,0.15684820741338162,2.4211855506549727,0.016401573633629537,1.7851144819757332,True,99,100,0.07271322573547674,False
TAG56:4-FA20:3,0.14145382638351056,-0.14003928811967511,1.0511864034506397,0.4860236019908085,0.2814931145031857,2.4205801959211173,0.016798383045049024,1.774732519965147,True,99,100,0.07271322573547674,False
TAG48:2-FA16:1,0.5686141848298109,-0.5629280429815142,4.18539898648304,2.044434085070447,1.131542227811325,2.419382155401167,0.01681269443467666,1.7743626801155905,True,99,100,0.07271322573547674,False
TAG52:4-FA20:3,0.2029737524065144,-0.20094401488244895,1.4716018641344133,0.7959112047383693,0.40391776728896334,2.4048853283377585,0.017392375424699916,1.759641098653605,True,99,100,0.07271322573547674,False
CE(20:1),-0.5993886394112506,0.5933947530171356,3.490079616223585,3.5402695320911,-1.1927833924283862,-2.3933722845080605,0.017632988290718164,1.7536740808831486,True,99,100,0.07271322573547674,False
TAG51:1-FA16:0,0.4375167225668111,-0.4331415553411429,3.378365238745214,1.2573510961527221,0.870658277907954,2.4046590774559693,0.01766126122036858,1.7529782859516259,True,99,100,0.07271322573547674,False
TAG50:1-FA14:0,0.39244619040887135,-0.38852172850478234,3.0726434242693714,1.0143974386534549,0.7809679189136537,2.402636487303685,0.017823953243522376,1.7489959657628091,True,99,100,0.07271322573547674,False
TAG50:3-FA18:3,0.5179706781656181,-0.5127909713839621,4.137917539626411,1.0364153583310074,1.0307616495495804,2.4049714269986486,0.01784096467254278,1.748581666740419,True,99,100,0.07271322573547674,False
TAG56:6-FA22:5,0.34277669526468024,-0.3393489283120336,2.5792978465950447,1.1781922199487769,0.6821256235767139,2.3955455827205925,0.017948347945145684,1.745975519861492,True,99,100,0.07271322573547674,False
TAG48:2-FA16:0,0.7781396735187287,-0.7703582767835403,6.019752177577193,2.2751784946458455,1.548497950302269,2.395670026813184,0.01807057376211326,1.743028057856126,True,99,100,0.07271322573547674,False
TAG50:2-FA16:1,1.1795269719249484,-1.167731702205699,8.635448855894767,4.666934183056848,2.3472586741306474,2.3819974285455934,0.01846917030036319,1.7335526141465216,True,99,100,0.07271322573547674,False
SM(16:0),-1.0401858525554317,1.0297839940298787,6.011454045237154,6.278848022150542,-2.0699698465853107,-2.375566648015035,0.018482532202564406,1.73323852844797,True,99,100,0.07271322573547674,False
TAG50:2-FA18:0,0.2998933879054893,-0.2968944540264349,2.3893768555243513,0.692758709990354,0.5967878419319241,2.387781006488071,0.01859144976191167,1.7306867426084867,True,99,100,0.07271322573547674,False
TAG52:2-FA18:0,0.976727894215461,-0.9669606152733081,7.849231538818309,2.073292270867327,1.9436885094887693,2.3829429701934997,0.0188665288221237,1.724307996606112,True,99,100,0.07295621358578093,False
TAG56:7-FA16:0,0.21056937062324474,-0.20846367691701242,1.6544920312045048,0.5901472019168612,0.41903304754025716,2.3748711610366775,0.019109753892354912,1.7187449060313538,True,99,100,0.07295621358578093,False
CE(18:2),-3.7029281940123706,3.6658989120722576,20.4434596466152,23.513338338294528,-7.368827106084629,-2.3598725915839553,0.019275363248515982,1.7149974288235912,True,99,100,0.07295621358578093,False
TAG56:7-FA22:5,0.2781458759246596,-0.27536441716541316,2.192311632435921,0.8277254636917966,0.5535102930900728,2.35165952275528,0.02025140323904713,1.6935448787277887,True,99,100,0.07583504191643181,False
TAG53:1-FA18:0,0.18055672577577578,-0.1787511585180182,1.4541433413724942,0.4679629571091576,0.359307884293794,2.3414358013955336,0.02088834140277598,1.6800960429406635,True,99,100,0.07725389849706757,False
TAG48:2-FA14:0,0.7263347963892368,-0.7190714484253447,5.836022836016115,1.9568526845798524,1.4454062448145815,2.3376192019527555,0.021069245044654794,1.676351025797435,True,99,100,0.07725389849706757,False
TAG50:4-FA16:0,0.25471761763221884,-0.25217044145589645,2.0021454209787675,0.832296763807195,0.5068880590881153,2.3277732610025983,0.021461340745828398,1.6683431500156267,True,99,100,0.07788032930444945,False
TAG56:6-FA22:6,0.18569719327444864,-0.1838402213417041,1.506867820667273,0.4869811645060578,0.36953741461615275,2.322923438049912,0.021895327150119034,1.6596485613907868,True,99,100,0.07864444037593775,False
TAG51:1-FA18:1,0.39149498429985297,-0.3875800344568545,3.1581153581478696,1.262992834119415,0.7790750187567075,2.2806125993970228,0.024220490030394903,1.61581707443229,True,99,100,0.08611729788584854,False
TAG52:2-FA16:1,0.38945657895212143,-0.3855620131626005,3.11780209702166,1.334214028496185,0.7750185921147219,2.2756304618999383,0.024473762845831828,1.6112992526528458,True,99,100,0.08614764521732804,False
TAG56:3-FA18:0,0.13817991521825063,-0.1367981160660681,1.1620808440643309,0.31550409816813574,0.27497803128431875,2.2729218605115,0.024934446053984444,1.603200275665796,True,99,100,0.08690024763368837,False
TAG46:1-FA16:0,0.5308259091861536,-0.5255176500942922,4.4411724541024755,1.343621683964936,1.0563435592804458,2.2661553135498993,0.025302244502623444,1.5968409518728897,True,99,100,0.08713258596518471,False
TAG54:7-FA20:4,0.16647550859970917,-0.1648107535137121,1.31712156778898,0.6386798346720787,0.33128626211342127,2.253989946626141,0.02573510962627292,1.589473977404719,True,99,100,0.08713258596518471,False
TAG49:1-FA18:1,0.33930548827028517,-0.33591243338758225,2.7564704568540326,1.132825190539529,0.6752179216578674,2.2559750117880135,0.025743718580622754,1.5893287207415754,True,99,100,0.08713258596518471,False
TAG54:2-FA18:0,0.9261732285953045,-0.9169114963093508,7.990327042559419,1.7589076315774397,1.8430847249046551,2.24193699364369,0.027021069967490114,1.568297457986951,True,99,100,0.09058492027196687,False
TAG54:5-FA20:3,0.3096040948002898,-0.3065080538522867,2.56648163165596,0.9943450442001291,0.6161121486525765,2.228711627631906,0.02759841748397676,1.5591158200246584,True,99,100,0.0908263499412759,False
TAG52:3-FA18:0,0.38590079014108325,-0.38204178223967217,3.3138917580519225,0.8619711123570492,0.7679425723807554,2.232183634261278,0.027609146146921937,1.5589470243427808,True,99,100,0.0908263499412759,False
TAG56:6-FA18:1,0.3266559049766783,-0.32338934592691115,2.724842776551212,1.03015881806071,0.6500452509035894,2.22168006762274,0.02810146679990967,1.551271010825122,True,99,100,0.09154115703118788,False
TAG48:2-FA18:2,0.640660282830462,-0.634253680002157,5.512184258000059,1.5017388608741098,1.274913962832619,2.2211480905402357,0.028346551467043974,1.5474997681619285,True,99,100,0.09154115703118788,False
TAG54:1-FA20:1,0.1397950555459042,-0.13839710499044514,1.2117807922500745,0.3267841211859948,0.2781921605363493,2.206184445032828,0.029411597310441857,1.5314813888124366,True,99,100,0.09411711139341394,False
TAG54:7-FA20:5,0.16617083696782925,-0.16450912859815095,1.3489893297975444,0.6748962844247339,0.3306799655659802,2.183460680890649,0.030623122912033212,1.5139505225108465,True,99,100,0.09711116454987109,False
TAG52:2-FA18:2,1.0054669693505112,-0.9954122996570072,8.837820912070253,2.413365705913077,2.0008792690075183,2.173836893874589,0.03181475212308003,1.4973714561146312,True,99,100,0.09998922095825151,False
TAG56:7-FA18:1,0.24546192370042919,-0.2430073044634247,2.1392445585308346,0.6706947318577654,0.48846922816385385,2.1688494581436233,0.0321192661759717,1.4932343855405157,True,99,100,0.10005293534461981,False
TAG50:3-FA16:0,0.9982835207603288,-0.9883006855527242,8.601951735984994,3.279578161561316,1.986584206313053,2.1484859334966333,0.03359334057278003,1.4737468071083841,True,99,100,0.1016609407477646,False
TAG51:2-FA18:2,0.27888176725592284,-0.27609294958336356,2.465457441315629,0.7456959831323241,0.5549747168392865,2.144704025237783,0.034069538628026426,1.4676337476372574,True,99,100,0.1016609407477646,False
TAG52:5-FA22:5,0.11882687927567694,-0.11763861048292,1.0491601647224398,0.32843384267488385,0.23646548975859694,2.1410998087210724,0.03434337014334622,1.464157089406835,True,99,100,0.1016609407477646,False
TAG53:1-FA17:0,0.1521149113489117,-0.1505937622354226,1.3163560591582526,0.5030009248434522,0.3027086735843343,2.1387065577113225,0.03439245352819146,1.463536840876271,True,99,100,0.1016609407477646,False
TAG54:2-FA18:1,1.1933495470519413,-1.1814160515814214,10.776174697303574,2.4600793333073785,2.3747655986333625,2.1382060361751734,0.03475274998737797,1.4590108239633746,True,99,100,0.1016609407477646,False
TAG51:1-FA15:0,0.13103028854490298,-0.1297199856594541,1.1450121484912505,0.4151563994115145,0.2607502742043571,2.1313980284488343,0.03504428678813999,1.4553827742344994,True,99,100,0.1016609407477646,False
TAG49:2-FA16:0,0.2639316203576087,-0.26129230415403304,2.287103835116061,0.8946915412104625,0.5252239245116417,2.1293370536471254,0.03515554348933193,1.454006183673917,True,99,100,0.1016609407477646,False
TAG52:3-FA20:2,0.16010731686629534,-0.15850624369763275,1.3689068220047225,0.5991650654902773,0.3186135605639281,2.1232257167080424,0.03557418886818557,1.4488649935370626,True,99,100,0.1016609407477646,False
TAG54:7-FA22:6,0.17803854212972386,-0.17625815670842712,1.497488522132605,0.7346926314291626,0.35429669883815096,2.115478889290932,0.036131448528481144,1.4421146269922922,True,99,100,0.1016609407477646,False
TAG50:2-FA18:1,1.371814340295142,-1.3580961968921899,11.577352606955678,5.584096122300908,2.729910537187332,2.115186039480473,0.03617340952255397,1.4416105549086722,True,99,100,0.1016609407477646,False
TAG54:3-FA20:2,0.31043958841384955,-0.3073351925297116,2.749108085693732,0.9406608779634863,0.6177747809435612,2.1166133831099003,0.03635091625366521,1.439484637930231,True,99,100,0.1016609407477646,False
TAG56:7-FA22:6,0.3997183523464053,-0.39572116882294134,3.5244407482308477,1.2943181974237408,0.7954395211693466,2.1092133476180814,0.03694172066993729,1.4324828798742468,True,99,100,0.1016609407477646,False
PC(18:2/16:1),-0.24701593748809894,0.24454577811321843,1.776243370109437,1.525123929829685,-0.49156171560131734,-2.093570052572251,0.03761144554121728,1.424679974779947,True,99,100,0.1016609407477646,False
TAG49:2-FA18:2,0.2359611222089857,-0.23360151098689574,2.113704538840814,0.6980724278272931,0.46956263319588143,2.099909979856719,0.037850384744550575,1.4219297015909622,True,99,100,0.1016609407477646,False
TAG54:2-FA18:2,0.3492783453677236,-0.34578556191404664,3.2322891253557615,0.6084511171332387,0.6950639072817703,2.1030280403094315,0.037856169402071295,1.4218633336291877,True,99,100,0.1016609407477646,False
TAG56:7-FA18:2,0.23707850175460804,-0.23470771673706226,2.1166279109875394,0.7266765425627327,0.4717862184916703,2.0987093010284523,0.0379292012654795,1.4210263028191497,True,99,100,0.1016609407477646,False
TAG54:3-FA16:0,0.3688461061012917,-0.3651576450402791,3.3023096248462975,1.1113418819268346,0.7340037511415708,2.097112175044485,0.03808817824930159,1.4192097990690704,True,99,100,0.1016609407477646,False
TAG56:8-FA22:6,0.31984745627282735,-0.31664898171009964,2.862830866564777,0.9775395607763127,0.636496437982927,2.094580442406367,0.03830619822143142,1.416730948340181,True,99,100,0.1016609407477646,False
TAG49:2-FA15:0,0.24283984720402174,-0.24041144873198136,2.146646769832797,0.8228042659771758,0.48325129593600313,2.0928706637391485,0.038367586111883206,1.4160355234825892,True,99,100,0.1016609407477646,False
TAG52:2-FA16:0,2.3241303077495976,-2.3008890046721038,20.60570107678875,7.720470043996643,4.625019312421701,2.0925988054682314,0.038411662271172424,1.415536898261096,True,99,100,0.1016609407477646,False
TAG56:5-FA18:1,0.29850924742865087,-0.29552415495436435,2.6728308707615778,0.9371637681769129,0.5940334023830152,2.0879344209983026,0.03889235474094446,1.4101357616599555,True,99,100,0.10216499155830187,False
TAG56:7-FA20:4,0.29847148261673173,-0.29548676779056476,2.679404611137929,0.9438755095869208,0.5939582504072964,2.0814867013941987,0.0394850910143934,1.4035668565871402,True,99,100,0.10282877462140805,False
TAG56:8-FA18:2,0.18473427369431125,-0.18288693095736847,1.6940069897786145,0.4724912759989315,0.3676212046516797,2.0806137630639214,0.039729299285544015,1.4008890946251118,True,99,100,0.10282877462140805,False
TAG48:3-FA14:0,0.28938444676296143,-0.28649060229533246,2.6051504590556562,0.9498996723578564,0.5758750490582939,2.0675811192024454,0.04076992180559098,1.3896601214993496,True,99,100,0.10339890589276793,False
TAG54:6-FA16:1,0.12403338764530839,-0.12279305376885549,1.0678190885666303,0.5272709004031273,0.24682644141416388,2.0642325796170278,0.04080553447306959,1.3892809293584798,True,99,100,0.10339890589276793,False
TAG52:3-FA18:3,0.32961870738442506,-0.326322520310581,3.050836899111541,0.8040128873926652,0.6559412276950061,2.069301849841695,0.0408308179519737,1.3890119198940372,True,99,100,0.10339890589276793,False
TAG54:6-FA20:5,0.18544199726134233,-0.18358757728872896,1.5136921461904453,0.9527498227141478,0.3690295745500713,2.055838309568567,0.04137506362817815,1.3832613253408068,True,99,100,0.10402873140799078,False
TAG52:2-FA18:1,2.9705238563118175,-2.940818617748698,26.75780541585186,10.093430015994132,5.911342474060516,2.0579535291830005,0.04167161387772504,1.3801596796574827,True,99,100,0.10403126301389515,False
TAG53:1-FA18:1,0.21193978191345375,-0.2098203840943191,1.9677252187666676,0.582740054694204,0.4217601660077729,2.045683518789563,0.04307085718170182,1.3658164849687982,True,99,100,0.10676719526731718,False
TAG51:2-FA17:0,0.26939363264183963,-0.2666996963154207,2.445886927157163,0.9386353848005359,0.5360933289572603,2.037357742964343,0.04370824500136902,1.359436631202474,True,99,100,0.10732974966769858,False
TAG50:4-FA18:3,0.25059197580520143,-0.24808605604714984,2.276463902839003,0.8764421196072988,0.49867803185235127,2.0353722132992274,0.043907624864058505,1.3574600549550937,True,99,100,0.10732974966769858,False
TAG48:2-FA14:1,0.25159232268115594,-0.24907639945434418,2.1420132514956687,1.2225820169417747,0.5006687221355002,2.022301809021939,0.04486044421253722,1.3481364303050227,True,99,100,0.1089025956056076,False
TAG56:6-FA18:2,0.22976583417344493,-0.22746817583171083,2.1555995552126235,0.6487768280379841,0.45723401000515573,2.0218027926513686,0.04550908103661039,1.3419019340993787,True,99,100,0.10960544735872946,False
FFA(24:1),0.07788914215634733,-0.07711025073478435,0.5536039735154435,0.5338020453592257,0.15499939289113168,2.0102385517354375,0.045772729436742134,1.3393931897362812,True,99,100,0.10960544735872946,False
TAG54:1-FA16:0,0.1805526012619974,-0.1787470752493779,1.7441616018492585,0.36367811514271137,0.3592996765113753,2.006950813627947,0.04729040341769622,1.3252269811562363,True,99,100,0.11247447299343967,False
TAG53:1-FA16:0,0.17891612677302113,-0.17712696550529092,1.7304673498639183,0.367119415374679,0.35604309227831205,2.0030441777182264,0.04770777931420243,1.3214107983652743,True,99,100,0.11270562629932386,False
TAG51:2-FA16:0,0.37600671200449926,-0.37224664488445425,3.42571651344536,1.5288326798938487,0.7482533568889536,1.9862595396685863,0.049025886881615625,1.309574541172511,True,99,100,0.115047414548858,False
TAG54:3-FA18:0,0.897293332819591,-0.888320399491397,8.783614693063072,1.7658425230735537,1.785613732310988,1.9834105461970644,0.04991191346170135,1.3017957803657152,True,99,100,0.11635095058621772,False
TAG54:4-FA20:2,0.24826686768904097,-0.2457841990121502,2.3910449674475256,0.7075046787286766,0.49405106670119114,1.9721996629127152,0.050989961016244555,1.2925153200669712,False,99,100,0.1180820149849874,False
TAG56:8-FA20:4,0.18900907194939592,-0.18711898122990192,1.7774088690883718,0.6831426028784234,0.37612805317929787,1.9666501591418237,0.05141997005996713,1.288868180567426,False,99,100,0.11829953896149299,False
CE(22:5),-0.14061421977957758,0.13920807758178264,0.998036592702516,1.0199757744286226,-0.2798222973613602,-1.9560394521872018,0.05187444406531558,1.285046544557624,False,99,100,0.11857015786357845,False
TAG48:3-FA16:0,0.2623187606519658,-0.259695573045446,2.4819559196612344,0.9331183549681328,0.5220143336974118,1.9600460487093032,0.052216599883321294,1.282191410950204,False,99,100,0.1185822139285748,False
TAG50:3-FA16:1,0.7638503971863219,-0.7562118932144606,7.107726747668283,3.4660895529121563,1.5200622904007823,1.9144322301827743,0.05757920780757934,1.239734314573665,False,99,100,0.12992231505299953,False
CE(18:0),-0.4070991622616147,0.4030281706389993,3.0426613403324736,2.957868732969122,-0.810127332900614,-1.9041911251659922,0.05834471215157863,1.23399849844387,False,99,100,0.13033121667109068,False
TAG54:2-FA16:0,0.27540400912710594,-0.2726499690358346,2.698660297201009,0.9365961165430556,0.5480539781629405,1.9099849964404758,0.05850094384668275,1.2328371270101381,False,99,100,0.13033121667109068,False
PC(18:1/20:4),-0.3122288681641766,0.30910657948253545,2.2334172684698754,2.388417071227174,-0.6213354476467121,-1.8956661005987088,0.05947294851445404,1.2256805297735633,False,99,100,0.1306442797273603,False
TAG58:7-FA22:5,0.14371560367885106,-0.14227844764206293,1.442982510331507,0.3966749496694812,0.285994051320914,1.902159286145145,0.05970540251145942,1.223986369460931,False,99,100,0.1306442797273603,False
TAG46:2-FA18:1,0.2071688627239626,-0.20509717409672323,2.09026660768978,0.5414913958463946,0.41226603682068585,1.9003155273061283,0.05998670264270569,1.2219450097650773,False,99,100,0.1306442797273603,False
TAG52:6-FA16:0,0.16017741083986325,-0.15857563673146452,1.6048856684903328,0.4654657574345162,0.3187530475713278,1.8987080117637531,0.06012606055634196,1.22093725008248,False,99,100,0.1306442797273603,False
TAG54:3-FA18:2,0.8446850615776852,-0.8362382109619086,8.68190047834197,1.7265370305014436,1.680923272539594,1.8897792699933427,0.06152816486845959,1.2109260379330484,False,99,100,0.13287063824354464,False
TAG56:2-FA18:0,0.12853146327446913,-0.12724614864172454,1.3198565585272073,0.283884154799596,0.25577761191619364,1.885511144363567,0.06207419222779958,1.2070889232158761,False,99,100,0.13323241258649665,False
TAG50:2-FA14:0,0.6220105792217658,-0.6157904734295484,6.155262083927086,2.272524020697356,1.2378010526513141,1.8781676378733243,0.06270682251952824,1.202685205239598,False,99,100,0.1337745547083269,False
PC(18:1/16:1),-0.2195647356028997,0.2173690882468717,1.7947355223404038,1.4861847619690045,-0.4369338238497714,-1.869500694483468,0.06309425654623418,1.200010172670353,False,99,100,0.13379023074864116,False
TAG46:1-FA18:1,0.3653316416447943,-0.36167832522834614,3.7753074007449112,0.8713640853535664,0.7270099668731405,1.8674343251963126,0.064544574105347,1.190140260526151,False,99,100,0.13600628076458557,False
TAG54:5-FA16:1,0.11652501073378643,-0.11535976062644876,1.1376884872221773,0.4947636559835621,0.2318847713602352,1.8612227483017911,0.06491208854673401,1.1876744172172118,False,99,100,0.13600628076458557,False
TAG48:3-FA16:1,0.2395467204504773,-0.23715125324597142,2.37020052807287,0.99640947907901,0.47669797369644873,1.846137852219539,0.06712400446720036,1.1731221423740654,False,99,100,0.13980857735180194,False
TAG50:3-FA18:2,0.8933009844244982,-0.8843679745802556,8.992454682350736,3.371826207824986,1.7776689590047539,1.8428589020327906,0.06772284717335687,1.169264791766807,False,99,100,0.14022613061777425,False
TAG52:3-FA16:0,2.2109014384013843,-2.1887924240173704,22.62998786581784,7.4353631842658725,4.399693862418754,1.8386823057284598,0.068461133723549,1.164555913176458,False,99,100,0.1409258425186506,False
TAG52:4-FA18:3,0.7598142094128041,-0.7522160673186741,7.913208057069252,2.218411622064063,1.5120302767314782,1.831281712620444,0.0696890966182185,1.156835165215583,False,99,100,0.14261954656751694,False
TAG54:4-FA18:0,0.5621977139076546,-0.5565757367685783,5.983753981559409,1.2262459504545793,1.1187734506762328,1.822806351876811,0.07114778562162366,1.1478386121963549,False,99,100,0.14475838120572027,False
TAG54:5-FA18:0,0.22329743721881926,-0.22106446284663098,2.3838594655100516,0.4706247130690555,0.44436190006545023,1.8199214776174923,0.07160498780564548,1.1450567248845753,False,99,100,0.14475838120572027,False
TAG48:3-FA14:1,0.17270806839452196,-0.17098098771057685,1.6865285220729929,0.8497414687570309,0.3436890561050988,1.8126167164795548,0.07196794520170752,1.1428608969276142,False,99,100,0.14475838120572027,False
TAG52:3-FA18:2,2.087374672799588,-2.0665009260715888,21.805252487189335,6.8560479527275024,4.153875598871177,1.8089810258848509,0.07302153508200371,1.1365490414131898,False,99,100,0.14511289267451136,False
TAG52:5-FA16:0,0.5638150827213066,-0.5581769318940939,5.954547154236293,1.660050035150911,1.1219920146154005,1.8065994520079158,0.07348609571418759,1.133794825893272,False,99,100,0.14511289267451136,False
FFA(22:5),0.07373789618430215,-0.07300051722245937,0.5915160898642109,0.5585387598141907,0.14673841340676153,1.7988929911590057,0.0735732082166619,1.1332803057977296,False,99,100,0.14511289267451136,False
TAG56:5-FA20:3,0.17104089602545294,-0.1693304870651987,1.7442695373150594,0.7015749865975043,0.3403713830906516,1.8025941166047208,0.07379320394527708,1.1319836330952617,False,99,100,0.14511289267451136,False
TAG50:4-FA14:0,0.31085882068180143,-0.30775023247498345,3.287920461333816,1.0121807086548933,0.6186090531567849,1.7899424453845998,0.07606670890416033,1.1188053734870897,False,99,100,0.14829625371434868,False
TAG52:3-FA18:1,2.147192119970313,-2.1257201987706082,22.60846998416204,7.481036024823594,4.2729123187409215,1.7861699551818926,0.07661807641062751,1.1156687557037208,False,99,100,0.14829625371434868,False
TAG54:5-FA20:2,0.09984998497965328,-0.09885148512985661,1.0655522714564645,0.3001031043634675,0.1987014701095099,1.7866032889562138,0.07667590390912346,1.1153410955485346,False,99,100,0.14829625371434868,False
TAG50:3-FA14:1,0.14824075395632494,-0.14675834641676175,1.5432522343838881,0.5782023867588577,0.2949991003730867,1.7821539918431746,0.07715688820821666,1.112625296078077,False,99,100,0.14841106365733478,False
PC(18:2/20:4),-0.14886448948630104,0.14737584459143718,1.2359602383512736,1.1158548772231616,-0.2962403340777382,-1.7741295721963695,0.07760569890891632,1.1101063855225066,False,99,100,0.14846307617357904,False
TAG52:4-FA20:0,0.11251676774535307,-0.11139160006789961,1.2051795073917033,0.35584846969956485,0.22390836781325268,1.773614629237051,0.07877842884084575,1.1035926850216118,False,99,100,0.14984534237539648,False
TAG54:4-FA18:3,0.2929066258395784,-0.28997755958118204,3.215528815441145,0.6062186132854243,0.5828841854207605,1.7727110249790041,0.07917964114154473,1.1013864708914687,False,99,100,0.14984534237539648,False
TAG53:2-FA18:2,0.1448103118492422,-0.14336220873074992,1.5878130548880054,0.34350695914723384,0.2881725205799921,1.7653688283374096,0.08035283554628667,1.0949987929469729,False,99,100,0.15125239632242196,False
CE(18:3),-0.5719543104224568,0.5662347673182346,4.841972786386604,4.29870660343371,-1.1381890777406913,-1.7529199464614305,0.08119695531412856,1.090460255427102,False,99,100,0.15202834186475134,False
TAG54:2-FA20:1,0.2821120698530106,-0.27929094915448116,3.0145432252512796,1.0231793175217443,0.5614030190074918,1.7555712684962044,0.08171157334818092,1.0877164271238209,False,99,100,0.15218240115640044,False
TAG52:4-FA16:0,1.4173764106526139,-1.4032026465460876,15.314069232188038,4.672878712043176,2.8205790571987013,1.7535523539432043,0.08215031936913918,1.0853907438541754,False,99,100,0.1521942758838789,False
TAG55:1-FA18:1,0.10938374025708805,-0.10828990285451744,1.2152495413359952,0.26039723664917924,0.21767364311160547,1.743032185836761,0.08420355567003793,1.0746695691265644,False,99,100,0.1551814219678186,False
TAG46:1-FA12:0,0.32998569380514814,-0.3266858368670969,3.657186333647755,0.8642532464645878,0.656671530672245,1.7391354290418792,0.08483914412884548,1.0714037213671037,False,99,100,0.15553843090288338,False
FFA(18:0),0.40210746988719037,-0.3980863951883164,3.5472526011045487,2.950455309992353,0.8001938650755067,1.729152320972107,0.08540616669124931,1.068510770256059,False,99,100,0.15576668743688996,False
LPC(18:0),-0.3648767139252434,0.3612279467859917,3.070222132481214,2.861456058147469,-0.7261046607112351,-1.725429361760287,0.08602838883065832,1.0653582106399933,False,99,100,0.15609274674428725,False
CE(16:0),-1.1083776531740976,1.0972938766423372,9.0471283236534,9.038990572762515,-2.205671529816435,-1.720344743433361,0.08694025892949886,1.06077907070735,False,99,100,0.15693831355478768,False
TAG56:6-FA20:3,0.15646352946716438,-0.15489889417249267,1.7393118338825007,0.5538022809096137,0.31136242363965705,1.6979997398404814,0.09215492692322218,1.0354814409292452,False,99,100,0.16412907494457357,False
TAG50:5-FA18:3,0.12251450894271705,-0.12128936385328977,1.3604883926387923,0.44430907244692985,0.24380387279600682,1.6957687813495075,0.09255593050496533,1.0335957486769929,False,99,100,0.16412907494457357,False
TAG56:7-FA20:3,0.10416136480763225,-0.10311975115955616,1.1596323284964138,0.3693141659687874,0.2072811159671884,1.6954278863861847,0.09264272084245981,1.0331886985484802,False,99,100,0.16412907494457357,False
TAG52:3-FA20:0,0.10239227166753662,-0.10136834895086114,1.145742621897479,0.3453914871231514,0.20376062061839775,1.6948999376097822,0.09278888043741516,1.0325040653114943,False,99,100,0.16412907494457357,False
TAG50:4-FA18:2,0.3301551665542605,-0.32685361488871734,3.676702435203581,1.2149507270235531,0.6570087814429779,1.6890415381121169,0.09383101402449788,1.0276535902620774,False,99,100,0.16514258468311627,False
TAG48:2-FA18:1,0.48739811540148054,-0.4825241342474655,5.4926115106505335,1.6096683719261706,0.969922249648946,1.686769046255208,0.09436925219106107,1.025169486411484,False,99,100,0.16516523202688752,False
TAG50:3-FA14:0,0.5661263621252159,-0.560465098503965,6.377439483245267,1.95151852118832,1.126591460629181,1.681461353682842,0.09536323587038543,1.0206190208503827,False,99,100,0.16516523202688752,False
TAG50:4-FA18:1,0.17863247837207943,-0.17684615358835848,2.0360447388043297,0.5302477071188602,0.35547863196043794,1.6816357164853255,0.09544830074838459,1.020231798880256,False,99,100,0.16516523202688752,False
SM(14:0),-0.27822564934299193,0.2754433928495632,2.212823555499072,2.447979278120732,-0.5536690421925552,-1.6740497314806029,0.095720759470128,1.018993864254408,False,99,100,0.16516523202688752,False
TAG50:3-FA18:1,0.60214021905029,-0.5961188168597881,6.779895019998908,2.298936597917443,1.1982590359100782,1.6662362343774548,0.09827377187248923,1.0075623748529126,False,99,100,0.16874325706885956,False
TAG46:2-FA16:0,0.2737320544606632,-0.27099473391605644,3.1984591978207773,0.7374272856576223,0.5447267883767196,1.6516525000597115,0.10150242297895845,0.9935235905208994,False,99,100,0.17344103343977366,False
TAG52:2-FA20:1,0.12656680763164568,-0.12530113955532893,1.4227274290308565,0.5812227760855062,0.2518679471869746,1.6317882745645227,0.10515245907501393,0.9781805665323776,False,99,100,0.17830025340403738,False
TAG52:5-FA18:3,0.5391964093113774,-0.5338044452182639,6.297480670741121,1.773227761812022,1.0730008545296412,1.6324585780861176,0.10535924064784027,0.9773273681112042,False,99,100,0.17830025340403738,False
TAG58:8-FA22:5,0.12091394789517258,-0.1197048084162209,1.4346788455375823,0.34758366899630055,0.24061875631139348,1.6222849720828827,0.10762196642482551,0.9680990769647831,False,99,100,0.1812144263234136,False
TAG49:2-FA16:1,0.12816689914536383,-0.12688523015391048,1.306946463845873,0.8764300472368217,0.25505212929927434,1.6151949074586525,0.1081108793406729,0.9661306002198655,False,99,100,0.1812144263234136,False
TAG54:7-FA18:1,0.1441139263275235,-0.14267278706424807,1.750856253370661,0.3522666318541088,0.2867867133917716,1.5980623976008046,0.11301025829661344,0.946882132451057,False,99,100,0.18852896170809447,False
TAG55:2-FA18:1,0.15183625024147246,-0.1503178877390579,1.8643045283118727,0.2734809719179412,0.30215413798053037,1.595702147060071,0.11364386586218006,0.9444540011541701,False,99,100,0.18869170180890274,False
PC(18:0/20:3),0.3434861939910792,-0.3400513320511703,3.267255348250075,2.8020501172455714,0.6835375260422495,1.5834566113499227,0.11496372067374414,0.9394391891855229,False,99,100,0.18892791933052502,False
TAG56:4-FA20:2,0.13226719973799514,-0.13094452774061502,1.5876716894239127,0.44882608266897245,0.26321172747861016,1.5879172228711165,0.11508903234040736,0.9389660614353058,False,99,100,0.18892791933052502,False
TAG52:4-FA18:2,1.5362573886799173,-1.5208948147931198,18.35164847812092,5.721764582720813,3.057152203473037,1.5830958850843888,0.11610597297878264,0.9351454377549598,False,99,100,0.18892791933052502,False
TAG46:2-FA12:0,0.27152888261883934,-0.2688135937926508,3.316523706228146,0.7253463051277763,0.5403424764114901,1.5840058524161933,0.11613641028913885,0.9350316018924325,False,99,100,0.18892791933052502,False
TAG54:3-FA18:1,1.6461556799161428,-1.6296941231169826,20.08691394016246,4.580185436640466,3.2758498030331253,1.5824478609885573,0.11646976845092025,0.9337867879321009,False,99,100,0.18892791933052502,False
TAG56:2-FA20:1,0.1185967921399578,-0.11741082421855847,1.4508014763518058,0.3391751469562239,0.23600761635851628,1.576496184698878,0.11782073771921979,0.9287782623131191,False,99,100,0.189384446210449,False
TAG53:2-FA16:0,0.2197774860588333,-0.2175797111982451,2.6745680182000133,0.6881533607701511,0.4373571972570784,1.5762155120255141,0.1178272548866146,0.9287542402978528,False,99,100,0.189384446210449,False
FFA(16:0),0.6311346149776125,-0.6248232688278409,5.8307363861135695,5.482992340406696,1.2559578838054533,1.5650143208948057,0.11919266937290897,0.9237504538977412,False,99,100,0.19070827099665436,False
PC(16:0/20:3),0.5580497083243076,-0.5524692112410641,5.524125386446178,4.504795187679534,1.1105189195653717,1.5532510507148924,0.12203965018450573,0.9134990458932538,False,99,100,0.1943798953164978,False
TAG50:4-FA16:1,0.2041449014605983,-0.20210345244599182,2.34143058781416,1.194907045288516,0.4062483539065901,1.539274907345093,0.1259094878958677,0.8999415424452362,False,99,100,0.1996402690961506,False
TAG50:5-FA18:2,0.1240912648228357,-0.12285035217460737,1.5564384295190814,0.3842771044705169,0.24694161699744305,1.5330481720803288,0.1281406146981781,0.8923131970026063,False,99,100,0.202266799882326,False
TAG56:7-FA20:5,0.10043157908388818,-0.0994272632930497,1.2005280574282615,0.5258804705995724,0.19985884237693788,1.5184562035123768,0.13125558161183032,0.8818822192616174,False,99,100,0.2062587711043048,False
TAG51:4-FA18:3,0.08876442111273573,-0.08787677690160808,1.0914067977091886,0.3960589377725416,0.1766411980143438,1.5146504233690992,0.1324234618139727,0.878035062980498,False,99,100,0.2071691491489706,False
TAG56:5-FA18:2,0.17372735164450318,-0.17199007812805803,2.227826662917412,0.5077109400813307,0.3457174297725612,1.5058094203306664,0.13503388165807995,0.869557248016487,False,99,100,0.2101498251288523,False
TAG58:8-FA22:6,0.16941196401539804,-0.16771784437524373,2.1660840022899275,0.5358219709349382,0.33712980839064177,1.5037230027078399,0.13552275654616328,0.8679877733311617,False,99,100,0.2101498251288523,False
TAG54:6-FA18:2,0.80839682260663,-0.8003128543805639,10.47873093960074,2.067909581473286,1.608709676987194,1.498897130515425,0.1368853935628718,0.8636428910440686,False,99,100,0.2113318356760126,False
TAG58:9-FA22:6,0.1715144333750695,-0.16979928904131888,2.2280610287931926,0.4399003022046887,0.34131372241638835,1.4956222637065284,0.1377360207758215,0.8609524680333336,False,99,100,0.21171650355060773,False
TAG54:3-FA20:1,0.21021437716539587,-0.2081122333937412,2.6697093767483073,0.8300786175039022,0.41832661055913706,1.4894358333346571,0.13907260533041685,0.85675840937196,False,99,100,0.21284155250568143,False
TAG56:8-FA20:5,0.09981166044523788,-0.09881354384078542,1.2686695701605564,0.41173924427937364,0.19862520428602332,1.482397568786684,0.1408951018043939,0.8511041048061829,False,99,100,0.21437544833960048,False
PC(18:0/18:2),0.7373248316709754,-0.7299515833542637,7.834934929298271,6.052840693310171,1.467276415025239,1.4773332549569733,0.1412929091329185,0.8498796329265156,False,99,100,0.21437544833960048,False
TAG54:7-FA18:3,0.2997008395635132,-0.29670383116787824,3.9070094022418296,0.9262895634319834,0.5964046707313915,1.478273762925724,0.1422217119195673,0.8470340980713179,False,99,100,0.21485855191282274,False
TAG54:4-FA18:2,1.1925723174071967,-1.1806465942331246,15.8145567804889,2.9729783837849504,2.373218911640321,1.467678594440367,0.14518494774399918,0.8380784074002627,False,99,100,0.2173373190961472,False
TAG54:7-FA18:2,0.3458845930621266,-0.3424257471315061,4.556963300464824,1.0567311474445673,0.6883103401936327,1.4644121286257898,0.1459753071551,0.8357206022515361,False,99,100,0.2173373190961472,False
TAG52:4-FA18:1,0.7434390040437359,-0.7360046140032951,9.603644774958005,3.0145521198111003,1.479443618047031,1.4630817749700156,0.14612741038598606,0.8352683120408868,False,99,100,0.2173373190961472,False
TAG52:6-FA18:3,0.19793447960710667,-0.1959551348110355,2.579545974338949,0.7607495353638071,0.3938896144181422,1.4578498711293133,0.1476131067267099,0.8308750793261812,False,99,100,0.2173373190961472,False
PC(16:0/20:2),0.13465032718708883,-0.13330382391521756,1.4561584476406872,1.1269880732747835,0.26795415110230636,1.450645236216014,0.14857689320634668,0.8280487271385327,False,99,100,0.2173373190961472,False
TAG54:6-FA18:1,0.44752368666975473,-0.4430484498030575,5.96603878290569,1.230594970670299,0.8905721364728123,1.454928538261312,0.14863729935366632,0.8278721941365975,False,99,100,0.2173373190961472,False
TAG56:4-FA18:1,0.2230556642295229,-0.22082510758722784,2.95023212990123,0.7312088902825654,0.44388077181675073,1.4534766448747147,0.14894161994421523,0.8269839269193467,False,99,100,0.2173373190961472,False
TAG54:5-FA18:1,1.0258648871665894,-1.0156062382949218,13.763377876522396,2.4958362130748513,2.041471125461511,1.4523765047926027,0.14939652561272324,0.8256595024186645,False,99,100,0.2173373190961472,False
TAG51:2-FA18:1,0.3179002147806998,-0.3147212126328935,3.906441459594956,1.9065694198251735,0.6326214274135933,1.4494486542575744,0.1494194068786012,0.8255929918584923,False,99,100,0.2173373190961472,False
TAG51:2-FA16:1,0.10372275940745514,-0.10268553181338076,1.2218801947130145,0.7451818829653342,0.2064082912208359,1.4369405359698606,0.15266641788631286,0.8162564844277337,False,99,100,0.22114641603284826,False
PC(18:1/18:2),-0.41575487353057833,0.41159732479527195,4.419451797520477,3.742904872234286,-0.8273521983258503,-1.4243922529028519,0.15596327006454633,0.8069776675844651,False,99,100,0.2242498780154432,False
FFA(20:3),0.06983834229530554,-0.06913995887235268,0.7486852848221645,0.6215348858623069,0.13897830116765822,1.4240169151410016,0.15608301168688518,0.8066443636393164,False,99,100,0.2242498780154432,False
TAG53:4-FA18:3,0.08315395681150675,-0.08232241724339186,1.1148683385090192,0.30986317823927634,0.16547637405489862,1.4234025375591823,0.15737691463000866,0.8030589732736627,False,99,100,0.22518973150310184,False
TAG48:2-FA12:0,0.26400264261858414,-0.2613626161923985,3.6196127894566916,0.6623446855452622,0.5253652588109826,1.4208074157169248,0.15835005780342779,0.8003817737590403,False,99,100,0.22566485970367034,False
TAG54:5-FA18:2,1.144537553948544,-1.1330921784090584,15.814605815807289,2.8293424425467757,2.2776297323576022,1.4108090663238935,0.16127932803714898,0.7924212946986449,False,99,100,0.22832849964013885,False
TAG52:5-FA18:2,0.5373129159017466,-0.5319397867427291,7.237987400775533,2.160469054394558,1.0692527026444756,1.409044384758852,0.16151646707498457,0.791783193486282,False,99,100,0.22832849964013885,False
TAG56:5-FA20:2,0.11641907092048587,-0.11525488021128087,1.5865701309499969,0.4124123098852392,0.23167395113176675,1.4066145994511723,0.16233383753860273,0.7895909445939838,False,99,100,0.22856604325435262,False
TAG54:5-FA18:3,0.4299321303396141,-0.4256328090362173,5.933478331304863,1.252278571417223,0.8555649393758313,1.404075931507184,0.16320221800976106,0.7872739432362366,False,99,100,0.22887323003759322,False
TAG48:3-FA18:2,0.30331388660448444,-0.3002807477384395,4.178298961464674,0.9618468547167689,0.6035946343429239,1.4010710686654821,0.16405294924504282,0.7850159577233178,False,99,100,0.22915332592958362,False
TAG54:4-FA18:1,1.5233560616497486,-1.5081225010332515,21.274989972593254,3.948773752452394,3.031478562683,1.3941848771906693,0.16621404438992862,0.779332282938469,False,99,100,0.23036235989667314,False
TAG54:6-FA18:3,0.43444225046975193,-0.43009782796505497,6.033888524847772,1.3005838978493267,0.864540078434807,1.3939284859882326,0.16622738469816756,0.7792974279429646,False,99,100,0.23036235989667314,False
TAG51:2-FA15:0,0.17181335333301462,-0.17009521979968534,2.268311728955011,0.9735394831689695,0.34190857313269996,1.3792704255519104,0.17013260469727914,0.7692124489789034,False,99,100,0.23484971315075395,False
PC(18:1/20:3),-0.14620869377448767,0.1447466068367434,1.5845260075138465,1.412340615452571,-0.2909553006112311,-1.3669081408516663,0.17323607167044763,0.761361672963385,False,99,100,0.2381995985468655,False
CE(14:0),-0.2782499186061676,0.2754674194201047,2.6667396236755003,3.062499358690288,-0.5537173380262723,-1.3605942761565317,0.17522181954332944,0.7564118141654623,False,99,100,0.239992531047673,False
TAG53:2-FA18:1,0.2844729205924083,-0.28162819138648343,3.8973161939770917,1.573056175206156,0.5661011119788917,1.3411478767920704,0.18223186567464533,0.7393756785341757,False,99,100,0.24862642138556262,False
TAG49:2-FA18:1,0.11575846143959048,-0.11460087682519494,1.526605606831912,0.798122301744182,0.23035933826478544,1.3319653592075118,0.18492576668351038,0.7330025720813595,False,99,100,0.25078214921506764,False
TAG53:2-FA17:0,0.1921252153426214,-0.19020396318919508,2.639067732047228,1.0981871353492592,0.38232917853181647,1.3318224562936811,0.1852368147611295,0.732272695522878,False,99,100,0.25078214921506764,False
FFA(22:0),0.08595263650690384,-0.08509311014183442,0.8027604602720577,1.0179620871117177,0.17104574664873826,1.3168354362598884,0.18949976111810066,0.722391333163751,False,99,100,0.25532901437395633,False
TAG51:3-FA18:2,0.21678295724402044,-0.21461512767157973,3.0540069939885037,1.1465401425621695,0.43139808491560017,1.3166263099393745,0.1903757092135383,0.7203884657598933,False,99,100,0.25532901437395633,False
PC(18:1/18:1),-0.1802226486661901,0.17842042217953202,2.192817378544865,1.6128058022770073,-0.3586430708457221,-1.3132474716314628,0.19077139426235942,0.7194867462219939,False,99,100,0.25532901437395633,False
TAG51:4-FA15:0,0.1098179379518085,-0.10871975857229037,1.5645096986764444,0.5740322227743475,0.21853769652409888,1.305563187294225,0.1941243403731791,0.7119200069763285,False,99,100,0.2585492176288889,False
LPC(20:4),-0.11194002731799972,0.1108206270448206,1.2174146910391765,1.1996075301071125,-0.22276065436282033,-1.3000229925763167,0.19511301441552006,0.7097137613572054,False,99,100,0.2585492176288889,False
TAG52:5-FA18:1,0.20117943301018537,-0.1991676386800834,2.9017988149266576,0.9734875832093554,0.40034707169026873,1.3021107883031475,0.19538094286728536,0.709117798914069,False,99,100,0.2585492176288889,False
TAG48:3-FA18:1,0.2552136019820518,-0.2526614659622312,3.8485850898049354,0.565732178726738,0.5078750679442829,1.2992033638471225,0.1967977016049274,0.7059799779886514,False,99,100,0.25944865529937994,False
CE(20:4),-0.855120898686249,0.8465696896993848,9.734498788787409,8.864758282677288,-1.7016905883856337,-1.2889317799920088,0.19894942557244172,0.7012573104561652,False,99,100,0.2613067082145503,False
PC(16:0/18:2),1.116448596752065,-1.105284110784542,15.359440551272522,8.4392482195128,2.221732707536607,1.2628450355728997,0.20857996767066866,0.6807274041925752,False,99,100,0.2725043770377464,False
TAG53:3-FA18:2,0.20969775549620234,-0.20760077794123988,3.152325841736669,0.9344279745865378,0.4172985334374422,1.263341510548398,0.20902324375054407,0.6798054168970378,False,99,100,0.2725043770377464,False
TAG56:4-FA18:2,0.149986050917608,-0.14848619040843222,2.3302485082331432,0.4522672270845771,0.2984722413260402,1.2513208943938974,0.21359026738929163,0.6704185405733729,False,99,100,0.27663636357020965,False
TAG54:4-FA16:1,0.07569262140817706,-0.07493569519409508,1.1108835090291156,0.4548940116243238,0.15062831660227216,1.2494120119153962,0.21376446275879837,0.6700644923478462,False,99,100,0.27663636357020965,False
TAG48:3-FA12:0,0.24123646775604687,-0.23882410307848637,3.7994791591137025,0.6053733684619328,0.48006057083453324,1.2416511391404643,0.2171874523475474,0.6631652690170415,False,99,100,0.2795575043952385,False
TAG52:6-FA16:1,0.11900159821771283,-0.11781158223553585,1.7749517990221002,0.6858445421592184,0.23681318045324867,1.2390855214357726,0.2176101028531118,0.6623209457775994,False,99,100,0.2795575043952385,False
TAG53:4-FA17:0,0.12295827826557598,-0.1217286954829202,1.8760372116441628,0.5996415030507987,0.24468697374849618,1.2367022330283481,0.21866099817209964,0.6602286737029364,False,99,100,0.27988607766028756,False
SM(18:0),-0.2492280767049014,0.24673579593785278,3.1825214031739906,2.502889636806677,-0.4959638726427542,-1.221156045587327,0.22357424879754623,0.6505782197890363,False,99,100,0.28513817237947925,False
TAG52:6-FA18:2,0.14040900997010403,-0.1390049198704031,2.193936839880252,0.701133582993844,0.2794139298405071,1.2076092602550115,0.22962010667623248,0.6389900856285596,False,99,100,0.2917916157040933,False
CER(16:0),0.04762330571526349,-0.04714707265811057,0.7544049410557264,0.21391796002311353,0.09477037837337407,1.2029677107421595,0.23149193628850512,0.6354641324490491,False,99,100,0.2931120919912007,False
TAG56:3-FA18:1,0.18244514400223746,-0.18062069256221483,2.9374262385772494,0.6915862097029487,0.3630658365644523,1.1973882955105288,0.2337592510711838,0.6312311928205128,False,99,100,0.29492206586758674,False
TAG51:3-FA15:0,0.15436260887325529,-0.15281898278452238,2.4177214141661385,0.8909984068700731,0.3071815916577777,1.1868966791872375,0.23753896219427223,0.6242651452889452,False,99,100,0.2986204096156565,False
TAG48:4-FA18:2,0.18150453718466583,-0.17968949181281896,3.0029949420860858,0.4285294149815317,0.36119402899748476,1.184866567560672,0.23882492222782117,0.6219203550080787,False,99,100,0.2991685858512208,False
TAG53:3-FA17:0,0.17552247448797886,-0.17376724974309912,2.8285912215588187,0.9628055590099184,0.34928972423107796,1.1637341408782704,0.2468364910996257,0.6075906359203538,False,99,100,0.3081079605215186,False
TAG55:4-FA18:2,0.12951835980628718,-0.12822317620822454,2.2397095652836043,0.38764983614769677,0.2577415360145117,1.1284022990406082,0.26175116217109384,0.5821113813840862,False,99,100,0.3255703501209365,False
TAG52:3-FA16:1,0.3986494569087127,-0.3946629623396266,6.377285929328565,3.0830395802715582,0.7933124192483393,1.1153991470832512,0.2665752461765764,0.5741801810588424,False,99,100,0.33040312202167216,False
FFA(20:0),0.05268494386689902,-0.05215809442823002,0.73148160672537,0.6003701543264546,0.10484303829512905,1.1045816966956656,0.2707446597359426,0.5674401007971378,False,99,100,0.3343934043054449,False
TAG55:3-FA18:1,0.16184001828020528,-0.16022161809740318,2.8631985128422595,0.5544117930051614,0.32206163637760843,1.098982611299695,0.2742827974599512,0.5618014297359594,False,99,100,0.3373847161900216,False
TAG54:4-FA20:1,0.07259069183207932,-0.07186478491375844,1.2607876195312688,0.3595575622939554,0.14445547674583775,1.0967151668000794,0.2750835612117506,0.5605353619488861,False,99,100,0.3373847161900216,False
CE(20:3),-0.2522369846633173,0.24971461481668222,3.3056163556876634,3.244207992710568,-0.5019515994799995,-1.08097014340419,0.2810330112250461,0.5512426631880533,False,99,100,0.34348479149727856,False
LCER(16:0),-0.058178280196924045,0.05759649739495327,0.832127792002466,0.6959708285140265,-0.11577477759187732,-1.0640783813352894,0.28864108398589994,0.5396418531507257,False,99,100,0.351562842778674,False
FFA(18:2),0.34455287639506244,-0.34110734763110984,4.886517770746759,4.221347707560448,0.6856602240261722,1.05876552607171,0.29103426287877754,0.5360558793878176,False,99,100,0.35325538114941274,False
TAG56:4-FA20:1,0.15171673127361915,-0.1501995639608826,2.79203037254824,0.5697198197180815,0.30191629523450175,1.0544174195591296,0.29408780856984323,0.5315229788271284,False,99,100,0.3557350811566488,False
TAG52:5-FA16:1,0.2482327724829002,-0.24575044475807084,4.378497094061221,1.6587472324929322,0.49398321724097105,1.0504023454127742,0.2955544834533485,0.5293624481767741,False,99,100,0.3562848567656804,False
TAG56:3-FA20:1,0.1401828876485863,-0.1387810587721006,2.5714577594471346,0.6569327491052688,0.2789639464206869,1.0461415444515942,0.29777631199518323,0.5261098531887947,False,99,100,0.3577380949566707,False
PC(18:2/18:2),-0.16121187812018264,0.1595997593389814,2.3206683980818585,2.0193067398202658,-0.3208116374591641,-1.0398930103029331,0.29969215978837965,0.5233246184330062,False,99,100,0.35881510287588314,False
CE(16:1),0.5124263174107901,-0.507302054236679,7.582639409945084,6.308048441636543,1.019728371647469,1.0307721240587648,0.3039580115942723,0.5171864051818952,False,99,100,0.3626888816311317,False
PC(18:0/18:1),0.2023050304944333,-0.2002819801894897,3.098326161192466,2.3993600178717984,0.402587010683923,1.024108704578083,0.3071246252430181,0.5126853604426355,False,99,100,0.36522928407277827,False
PC(14:0/18:2),-0.09664745701432476,0.09568098244418069,1.502060628571645,1.1436959716020132,-0.19232843945850545,-1.015492753551982,0.3112111416296951,0.5069448632836364,False,99,100,0.36884283452408306,False
PC(16:0/20:4),0.5012814461481242,-0.49626863168664487,7.978885551894253,5.793266907314873,0.997550077834769,1.0083590704880123,0.31464489758664954,0.5021793065604803,False,99,100,0.37166108708221696,False
SM(24:0),-0.18503919930418303,0.18318880731114423,2.8665653135721136,2.420885961009057,-0.3682280066153273,-0.9785242216226914,0.3290529366286552,0.4827342289912323,False,99,100,0.3873800457969453,False
SM(20:0),0.21821774278904454,-0.216035565361154,3.5629946539710806,2.6382673312264346,0.4342533081501986,0.9763157316692678,0.33021401886591084,0.48120449319657627,False,99,100,0.3874511154693354,False
FFA(20:2),0.08042787973464872,-0.07962360093730207,1.4989645596819816,0.671084017604638,0.1600514806719508,0.9704645634047931,0.333544489245833,0.4768462302771646,False,99,100,0.3900586718090805,False
PC(14:0/18:1),-0.0823829563174469,0.0815591267542718,1.2715241385415013,1.1471535280949023,-0.1639420830717187,-0.9546588662847715,0.34093501766147016,0.4673283898062857,False,99,100,0.39738121263853476,False
TAG56:3-FA20:0,0.15459966289063523,-0.1530536662617289,3.198998022674823,0.5854119139017652,0.3076533291523641,0.9414186621618735,0.34866172217335367,0.45759572902603945,False,99,100,0.40504596107267493,False
TAG51:4-FA18:2,0.1048591429418169,-0.10381055151239886,2.1287346869635093,0.7431107141039781,0.20866969445421577,0.9213443110808845,0.35869915334236757,0.4452696484123294,False,99,100,0.41533586176484666,False
TAG52:4-FA16:1,0.33706002464382906,-0.3336894243973928,6.769191156884539,2.8012030353780903,0.6707494490412218,0.9116647271880916,0.3636283360406807,0.43934228137248693,False,99,100,0.4196628665125233,False
PC(16:0/16:0),0.1622977637947999,-0.16067478615685005,2.6784684218718247,2.3714615334308635,0.3229725499516499,0.9002602613986666,0.3690998372361849,0.43285614631732666,False,99,100,0.42458543368345447,False
FFA(14:1),-0.06524603565951853,0.06459357530292516,0.9005263470698412,1.1656160860753912,-0.12983961096244367,-0.879828880231006,0.38008706457789365,0.4201169103969888,False,99,100,0.4358001522196045,False
LPC(16:1),-0.07102424402509308,0.07031400158484213,1.3580991572957646,0.881034890383721,-0.14133824560993521,-0.8699943518459805,0.3855460663276683,0.4139237235620579,False,99,100,0.44062407580304946,False
PC(18:0/22:6),0.12446867172674449,-0.12322398500947739,2.467390684919982,1.8027055292183924,0.24769265673622187,0.8079162060960307,0.4202090213106785,0.3765346281238052,False,99,100,0.47868471036038457,False
FFA(22:6),0.03897440627247056,-0.038584662209746226,0.7198055254312222,0.7381808685148961,0.07755906848221679,0.7504006148641142,0.45390898072688135,0.34303122452407375,False,99,100,0.5143078499430914,False
TAG56:2-FA20:0,0.13414981585597444,-0.1328083176974146,3.452994839771717,0.7737047724541535,0.26695813355338904,0.7508122311063156,0.45440267423949265,0.3425591213902651,False,99,100,0.5143078499430914,False
LPC(16:0),-0.28044153780968184,0.27763712243159083,5.87124616284804,4.769965361697221,-0.5580786602412726,-0.7355100862191589,0.4629439382614887,0.3344715981350291,False,99,100,0.5222957252180899,False
FFA(18:1),0.3285409079464285,-0.3252554988669602,6.428475432255787,6.64790804579049,0.6537964068133887,0.7052635058837036,0.48147977721691737,0.31742194909508575,False,99,100,0.541472465112955,False
HCER(24:1),-0.025243137579547593,0.024990706203752037,0.5673033895074872,0.4518448793914203,-0.050233843783299634,-0.6905051023819144,0.4907336303772927,0.30915417844295223,False,99,100,0.5501217767286848,False
PC(16:0/22:4),0.08332923032969466,-0.08249593802639625,1.8487245710153501,1.5877640144051715,0.1658251683560909,0.6784897287242992,0.4982780844143815,0.3025282138267519,False,99,100,0.5564905325353655,False
SM(22:0),-0.16754890581308224,0.16587341675494843,3.62160616183564,3.3239932753688732,-0.33342232256803067,-0.6764167366693724,0.4995767280715213,0.30139780069326544,False,99,100,0.5564905325353655,False
FFA(18:4),0.013865102151859847,-0.013726451130341922,0.29841550257443,0.2827265048954666,0.027591553282201767,0.6694187357820672,0.5040154099083674,0.29755618511030546,False,99,100,0.5596637990149694,False
FFA(22:1),0.041519567780920016,-0.04110437210311187,0.9336920825428398,0.8569667526297664,0.08262393988403188,0.6501633568661368,0.5163510935020171,0.2870548989153821,False,99,100,0.5715584431217297,False
TAG51:3-FA16:1,0.04783487242355115,-0.04735652369931632,1.288202333081872,0.7200661496411846,0.09519139612286748,0.64255137923293,0.5214740031060268,0.28276733745609034,False,99,100,0.5754195896342365,False
PC(16:0/18:3),0.08049972161563401,-0.07969472439947678,2.024105721021712,1.4903332044794357,0.1601944460151108,0.6352382211825984,0.5260794181840449,0.27894868878247686,False,99,100,0.5771466934903172,False
HCER(24:0),-0.02574572827728861,0.025488270994515984,0.6332260620096228,0.5011126593422632,-0.051233999271804595,-0.6324995194191793,0.5278360337230629,0.27750096517145645,False,99,100,0.5771466934903172,False
TAG53:4-FA18:2,0.10531535953691157,-0.10426220594154163,3.103525296399011,1.1113132760572413,0.2095775654784532,0.632931559143952,0.5279580548405742,0.27740057988076233,False,99,100,0.5771466934903172,False
FFA(20:5),0.028313635829362686,-0.028030499471069142,0.6374875784240641,0.6720068914781817,0.05634413530043183,0.6068379883532571,0.5446584288233403,0.26387577108560645,False,99,100,0.5919398073600151,False
PC(18:0/20:4),0.2022133132979297,-0.20019118016495077,5.069578335546699,4.248526161102966,0.40240449346288043,0.6065772866677194,0.5448536863200139,0.26372010644804106,False,99,100,0.5919398073600151,False
TAG53:4-FA16:0,-0.07126290189077063,0.07055027287186307,2.0053037559374554,1.2581220971387481,-0.1418131747626337,-0.5968907905173377,0.5514007728141372,0.25853262954566014,False,99,100,0.5952100711901368,False
TAG54:2-FA20:0,0.0968997378980551,-0.0959307405190747,3.0969048345795134,0.8798083069901276,0.1928304784171298,0.5961743947121924,0.5522451445318964,0.257868093858111,False,99,100,0.5952100711901368,False
CE(20:5),-0.1384114621341804,0.13702734751283982,3.4267871101546903,3.100275019805112,-0.2754388096470202,-0.594397330041666,0.5529366286340192,0.25732463978321707,False,99,100,0.5952100711901368,False
TAG54:1-FA20:0,0.11188053738849399,-0.11076173201460936,3.6583223366093414,1.0758293028961405,0.22264226940310333,0.581172438648323,0.5622648656729992,0.2500590534656398,False,99,100,0.6034061973076089,False
PC(18:0/18:0),0.02482051576210558,-0.024572310604484796,0.6309172963478727,0.5993490574086481,0.04939282636659038,0.5660918521955245,0.5719780459103136,0.24262064030310268,False,99,100,0.611964353071217,False
TAG54:3-FA16:1,0.02827517894072164,-0.027992427151314794,0.9289625465938273,0.43086835616232316,0.05626760609203643,0.5472074008354021,0.5851201424487414,0.23275495127610396,False,99,100,0.6241281519453242,False
CER(22:0),0.021865045095005586,-0.021646394644055777,0.7647299465162511,0.522275895575971,0.04351143973906137,0.46824645442722823,0.6401980785236097,0.19368563367180797,False,99,100,0.6804357283198208,False
PC(16:0/18:1),0.2460119548213913,-0.24355183527317595,8.368398269176152,6.2954531735054795,0.48956379009456724,0.46599728201123,0.6417746073925582,0.1926174702998103,False,99,100,0.6804357283198208,False
PC(16:0/20:5),0.06926438256944147,-0.06857173874374656,2.4020265629896556,2.1384491624039113,0.137836121313188,0.427391602804503,0.669568279301142,0.1742051291647246,False,99,100,0.7077718748168228,False
FFA(18:3),0.04733620938814016,-0.046862847294258235,1.7005578717948893,1.4682165756098184,0.09419905668239839,0.41807374246430984,0.6763596105038086,0.16982233463291457,False,99,100,0.7128101284351516,False
PC(16:0/18:0),-0.0776053415728616,0.07682928815712979,2.675843677578155,2.7442912949655653,-0.1544346297299914,-0.4019282893608053,0.6881726183569278,0.1623026114783369,False,99,100,0.7230948109302644,False
PC(16:0/22:6),-0.11719448794374948,0.11602254306431271,4.680340496872081,3.5511358421020334,-0.23321703100806218,-0.3956958296013492,0.6927909317647841,0.15939780561872607,False,99,100,0.7257809761345357,False
HCER(16:0),0.015373241116128542,-0.015219508704967223,0.7106177709622079,0.38531826518850015,0.030592749821095763,0.3769854694113546,0.7067146729877787,0.1507558916604123,False,99,100,0.7381708157023683,False
CER(24:1),-0.018322692184612265,0.018139465262766524,0.7528271185185536,0.6639769333794915,-0.03646215744737879,-0.3622138330013192,0.7175875673349785,0.1441250943293326,False,99,100,0.7473101292955989,False
PC(16:0/22:5),0.0629497043483591,-0.062320207304869195,3.00825490684489,2.4266482955482163,0.1252699116532283,0.3231265413898361,0.7469589329529238,0.12670327459986852,False,99,100,0.7756033758095257,False
FFA(17:0),-0.022338931207459927,0.022115541895384824,1.1222174333959125,1.1617238457059011,-0.044454473102844755,-0.27455184621676787,0.7839484372412603,0.10571250129262683,False,99,100,0.8116172056144814,False
FFA(14:0),0.035881007927275534,-0.03552219784800044,1.9892603575984846,1.8887120045918184,0.07140320577527598,0.2596160779653822,0.7954320813567995,0.09939689703716649,False,99,100,0.821091180755406,False
FFA(16:1),0.051460250834647225,-0.05094564832629745,2.61752465819091,3.0213663063240777,0.10240589916094467,0.2556212653059056,0.7985146738002409,0.09771709869654548,False,99,100,0.8218630560751017,False
FFA(20:4),0.02225043829065649,-0.022027933907750787,1.2957067943712972,1.220378765380135,0.04427837219840727,0.24810040943459985,0.8043164013069697,0.09457307524314026,False,99,100,0.8254209132946161,False
FFA(15:0),-0.01446790755782289,0.014323228482244859,1.005048058002776,0.9612054071079053,-0.02879113604006775,-0.20648275610651648,0.8366277184179145,0.07746775085205405,False,99,100,0.856084176985773,False
TAG53:3-FA16:0,-0.027301703585874085,0.027028686550015012,2.6914443400753223,1.4380314425579988,-0.0543303901358891,-0.1773479635149808,0.8594752811290033,0.0657666092894904,False,99,100,0.8769139100214758,False
FFA(20:1),-0.010568822551272408,0.010463134325758565,0.9494683513054885,0.8318207239412686,-0.021031956877030973,-0.16614133879194665,0.8682195218466413,0.061370453310776625,False,99,100,0.8832753517052535,False
TAG55:5-FA18:1,0.0167352160506701,-0.016567863890163324,2.9808200402272558,1.0410044090072021,0.033303079940833424,0.10500569482504962,0.9165446658219648,0.03784636578377369,False,99,100,0.9297513612949038,False
FFA(22:2),0.0030542154118514877,-0.0030236732577325178,0.48039967715955306,0.4155718381646147,0.0060778886695840055,0.09540886255473799,0.9240893539124827,0.03428603307110813,False,99,100,0.9347110706241205,False
TAG55:4-FA18:1,-0.016897426592029516,0.016728452326109363,3.633995137834524,1.4692339261248997,-0.03362587891813888,-0.0854154330656355,0.9320636096905079,0.030554447737326376,False,99,100,0.9391662621910284,False
CER(24:0),-0.007337273731140487,0.0072639009938291945,1.5008628976408462,0.8986848624739611,-0.014601174724969681,-0.08315773103671062,0.9338300902467611,0.029732136169205746,False,99,100,0.9391662621910284,False
HCER(22:0),-0.0023746327763782514,0.002350886448614137,0.5415531742943047,0.40990951944200266,-0.0047255192249923885,-0.06935297936565214,0.9447845624588822,0.024667211598707293,False,99,100,0.9474762563690216,False
FFA(12:0),-0.0032832043132074414,0.003250372270075459,1.6118089403436637,1.0476508102943014,-0.0065335765832829,-0.03386708794869612,0.9730233363860636,0.011876743758205232,False,99,100,0.9730233363860636,False
