,PC1,PC2,PC3,PC4,PC5,PC6,PC7,PC8,PC9,PC10,Group
1,231.15804742979415,-15.258122250015907,-21.93789546549591,10.332035134880192,-15.808509742905084,-0.6842450037593127,-3.3880263264544617,-1.6322715780757966,-0.08340009202966886,1.9387831286979962,Case
10,3.967531666270576,4.902600707912942,-4.248865245570773,-2.713966059296351,-1.4359252495544548,1.4062551146494624,0.951454191074533,-2.8827957635759898,3.4549484242675703,-1.2289049043622895,Case
100,-11.337213782347401,-2.0605864615135223,-2.7306106368563197,-1.651701362403623,-3.300763137141782,0.9922349977978775,-2.984720836038408,-2.5382553109592276,0.16987928041919964,-4.016772943717504,Case
105,24.150935446814987,17.63379517968565,3.7660448071280297,-5.202776455718518,1.266915285914557,-2.93932839929927,-4.80458293054034,-6.009811190513334,-1.8075318946942425,-4.010411513658811,Case
106,-5.360499780836871,-3.7605861369111087,-3.490295780584422,-1.6991208551491201,1.9078113126436373,-2.651849607193682,-1.1655493585936543,-4.0235463024636955,-2.5525165660460867,-3.0428752261048633,Case
110,-2.5143357693905592,-0.9192519231653007,3.535251410037838,-1.769286513594704,-2.218869367063283,3.128306607220141,0.011634352999828963,-0.3925936233718274,-0.7401545851555251,1.763839901892261,Case
113,22.116230036835898,-12.817012306007697,18.19415333043053,-7.153683949672194,0.8282562211938859,1.7670950900889386,1.223470998103892,1.436592453251037,-1.8823312673403199,1.171455903510868,Case
114,15.575511533080196,-0.6908989129220764,13.088799456728713,-8.48856953720375,1.5369875520250158,-1.0430873598413102,-2.92358391766386,-5.896954286855612,0.4544024831693457,-0.9481166225554153,Case
115,35.07292776846018,-13.109156565837347,1.6608021624716995,-11.133950241011544,10.370168593976048,0.8500103338842714,8.89575444822229,-4.706394299659899,-1.4106593274526538,-2.842776891914885,Case
116,-9.510184974981813,-2.9178036102565876,-8.053250122298552,-6.381501979722785,-0.8422270790177238,3.7361278576409442,-1.5666872354757992,-1.9612716184264658,1.536416463280855,0.4901505817536255,Case
118,-8.673343210257359,-1.3624351914555901,-3.1276689975679286,-1.0801904791429453,0.11245945241175477,1.325696586639155,1.1689688947955144,1.2281518742366648,-0.47119820121940836,1.057139373484589,Case
120,-12.066000612747814,-0.7382442417692757,-4.847588341859985,2.6743976338839293,-1.7219413546874651,-0.5921736927107135,0.8901407957470423,-3.40290091692093,-2.1794972829987906,0.514077884516614,Case
122,-2.055996957397368,-1.1130957176494554,0.873088440983291,-0.6370562412729631,1.3112759777576466,3.0185833333632917,-1.5393389097398837,-1.7457378662592686,-1.1918662125400363,-0.5637840583761207,Case
126,9.801337163528776,5.995068033722277,0.5983551294980899,3.192789336506351,6.055766941569021,0.540629430681186,-1.0811325199177233,1.5285774164950814,-7.769758392008634,2.5347544587203146,Case
131,-7.578491081973236,2.299178452507361,-6.237837419313555,-4.080683199834694,-1.5089081488751617,3.2567682390472004,1.3032179278917018,-0.0588309340854467,1.857998189151936,0.5908183479157966,Case
132,-4.129304217739949,-7.4386292238265765,-3.5736721105476703,-1.1246752556481727,2.499793448987968,-2.2353747701414535,1.957193484966438,0.726832283129752,-2.2017769613398226,-3.268564423577843,Case
134,-9.279481202081918,-0.6578002012393022,-3.7743247890977485,-0.582160026375741,-2.057016925139425,4.759451338362467,-1.4653049652625616,-0.35703821912300227,1.5075988350100378,0.28946325268632994,Case
138,-9.857931248696723,-2.048186929985477,-6.148702826111171,-1.638754812036232,-1.1328328571601531,-1.733265051888017,-2.3235857386462198,1.8663292873633248,2.2277936011152106,-4.262875743588199,Case
139,28.462455330033738,26.193038952199014,7.790859066679776,-9.410904831657753,-19.880130917829092,-12.179706197472086,18.48450326874753,-0.7618814317544812,4.696404911550128,-3.581994023640678,Case
141,-8.332477962416538,-0.1572019205457711,0.27600608330217935,0.27532038538288706,-3.2695331219408588,2.9327141341567615,-1.853902579235168,-2.0199295023281003,-0.41498767055623503,-2.606163047439774,Case
142,17.301441482493168,1.8206387884958295,1.6222950245552608,-3.3110406766802765,0.46525701868229247,2.3578777961488697,8.570652729946888,3.1858596291758263,-1.9707497985512208,-5.663516675765702,Case
144,3.945860941588206,3.547611861256903,0.5523901882459522,1.6608503041891867,3.022152801170487,5.4629661371412315,2.830997770708545,3.305221061145207,-0.5523819838714515,-0.5486930018142175,Case
145,-0.7098287593011721,6.358669156793393,0.3179151441090623,-5.442645846755629,-3.0591413238959504,1.7418442772120926,2.4984863694163755,-3.9288246816830346,0.13601568071370232,-0.4542845922795509,Case
148,-7.492746676465283,-1.6798522127839972,-1.3309779794962013,0.3025329180050152,-2.2847222049535287,3.233320237024982,0.7478048306914067,1.7666849704437375,-1.7209365249789925,-0.9940124800188689,Case
15,12.3158790906479,7.988728389694419,3.0010539740833435,6.709410069126313,3.8428670947325965,0.29213273431610526,4.24446491362586,-1.8936742660593258,2.880296059403729,-1.7583331533341495,Case
152,2.6468815190749835,-1.7592930194999548,2.952235715726576,-4.174952839882433,-0.23085446974505153,2.072073508886253,0.13240094188891272,-2.966538700494354,0.45622719319607996,-1.9194340499676128,Case
153,-3.869336934581981,3.427069010662608,-2.7817742875573037,-0.5706580781014415,-2.4421132683430056,10.079891499808165,2.303463024018116,-0.4342415104173276,-0.35501594380719254,-0.348643358169829,Case
155,-10.921578553780797,-1.3456830333878815,-7.717082388927154,-2.7716263717736895,-1.0854872832440012,2.0827498632162196,0.11369179597622937,-1.7074705224077023,-0.9489023303470747,-2.7252880807057145,Case
157,-1.5039354429704619,-5.457843712534188,-4.789551449225266,-3.945661844922844,1.829392946428458,2.8284676304954415,1.8145889644673958,1.0712322912138512,-2.386020635017341,-2.4580557443229907,Case
161,-7.745279645048819,-4.77451736402842,1.4569912512461374,-0.9558458589355531,-5.691537870271689,2.1864627808081383,-4.214842147217028,5.170103464344214,-2.9134449465067433,-2.298043816453381,Case
162,3.785656337051379,2.90237490344693,3.7102707238483994,-1.5561534337242693,-0.16195526670231017,-3.0743253028179396,-0.1089853295302008,0.309459225847011,-2.2350256126939665,-2.939782845738476,Case
163,-6.862676364703358,-3.0608895064830355,-5.412652094451236,-0.4513174968388096,1.8931618498328804,-2.5036798717930453,-0.5479732698588844,-1.7426376254221536,-0.9969059216130626,-1.0062464976014691,Case
166,-6.675904861410838,-0.5792105107080845,3.146506371280913,4.679224029223189,-3.0699231743213096,-0.5046348911414449,-3.3613457010358307,-1.7446834877383253,3.7050545312171237,-2.4149911725880635,Case
167,14.107683491875099,-5.6287643186214185,3.575939692558128,-8.371017828856067,5.0392485017048365,0.8843421335338482,-0.6246996615551033,-0.9333482050653414,1.5417744358823524,-0.13802777368941535,Case
168,-7.713195011482412,-1.9602848274992808,-1.0145764980456438,3.235437615665771,-2.2521884564171986,2.907099105058122,-3.7557432219180877,-0.9476165940972134,0.8223460400969586,-1.2184599366187245,Case
169,-3.577797906146972,-4.007021730907483,-3.251817793267118,1.6249915273606306,2.625173645918455,0.8102751724430453,-0.38286404373181204,-2.3087445256460333,-1.2906202175060286,-0.2445374662980179,Case
170,13.12771635835014,12.97876783326738,3.3271175656945227,0.8584697836790831,2.4482098849467326,6.031674546971199,-2.609775326347226,-2.020323192178166,-0.9566175606254755,-2.673492761793257,Case
171,-4.494725765228872,-6.16253188325418,2.871373583146591,-1.3177001059037567,-2.10748869962533,4.774435592831033,-4.023427712985145,-3.0051990923162704,-1.7306247907715557,-2.671410523676733,Case
172,0.33394598672765957,-4.438876585913213,8.864276154980157,-1.7361364626310383,-3.2083240435857996,3.3070048358557687,-5.340489479776805,-5.306350752114487,-0.16806075508502008,-0.7594987217677677,Case
174,1.7759428911069273,2.433474973929977,0.5248458038613468,3.082885432338117,-0.8654262248905734,0.18859540386127027,-2.0463894080170286,-3.1717889046996284,-1.9088306836663382,-0.7617048577993744,Case
177,2.7802914443360858,-5.254826048353417,3.421488123226776,-9.196720765095309,0.40420511880401844,-1.2175073489202703,-0.46089736964972455,0.9078692136155595,-0.3090202175791109,-0.8387795576725193,Case
178,-6.134509662695775,1.5031357833938777,-1.6567099732130162,1.3652710520024978,-0.5455126784085164,-1.3056161030325237,0.30737076577329886,-4.170839975000485,-3.7849367643602174,-1.2231402294226335,Case
179,-5.013617565215482,-1.4919085465028596,-2.0981868892597606,-2.137640872991055,1.6284035653576971,2.684700520843331,-3.8032272017965623,-0.2648658080242475,-0.887559093687392,0.023558272662465744,Case
18,-2.7124474104418166,7.18810929596426,7.409272769227183,7.636443951257956,-3.8572837119212484,2.8434429795305696,2.913332808647919,-6.459698453570403,3.081909205513121,0.6851711851679743,Case
180,-3.4146476311848852,-0.15437262346581518,2.8256231560118907,0.7263981102836764,-0.36474488507567016,-3.3157468490280824,0.060878688683348614,-3.540639409724634,-3.506279448098285,-1.3347506087143481,Case
183,0.7399363113685826,-1.7550039903515187,6.749436882932143,2.8486974773661706,0.18381651792061718,3.7041393343354057,-2.1690911359956258,-3.5097773462651567,1.1412024451288851,0.6846899867464916,Case
184,-7.7558836033975584,0.16498528898156173,-7.468988689033239,3.7102567280080705,-3.0146216992558172,1.579448255154663,4.637605900530456,-2.8435865383234598,-4.936494435998796,1.3270802896312228,Case
185,-3.1383126020537064,3.8211472640256448,-0.015542821823908044,-6.990385127295501,-0.7665410775407128,-1.9361627726568849,-2.710405859149069,1.999699919758296,-1.386852765896683,-0.3902183270479122,Case
186,-0.7192733972788997,-6.97470833474237,1.1939677080673,0.8837040610345458,2.8087149987126985,2.0139539407036957,3.479270109150299,-1.6833837947642907,-2.730501858886637,0.1877487620332278,Case
187,7.969021337821368,4.2935346895624695,13.797741812156552,-3.564246304262028,-6.374981505925726,-2.299087504624434,-1.8539724482609934,-2.745288730069326,-0.13195294538918875,-0.6546581067186753,Case
188,11.431643130123856,-2.4775368300376477,14.238047997294917,-8.94589284029332,-0.038496881349667465,-2.4981114740439043,-2.771927247579156,-2.3753108731325576,-1.297560382197511,2.8059419145112168,Case
189,-0.498781274871434,1.2161850551509528,2.231940812946439,-6.804078452859483,-4.5478072466912876,1.7099527153326146,6.425685433075999,3.3540811075611447,2.7365668969025503,2.5618847155245827,Case
19,-1.2130539371913938,0.2233722462417588,5.514109585953701,6.2080366795538495,0.8554236398291662,-0.2743538473747536,-2.000081826538209,-3.746562681491767,1.4166678259157,0.4802790703621723,Case
190,-6.924965734893956,-4.406654512217157,4.430950803593412,1.2790006811700634,-5.138782882881265,4.802567645605484,-0.8130848983094786,-1.9841020886314824,-2.5614635136179618,1.0801019305396506,Case
191,-9.701569072349834,-0.4900701230995527,-4.05018547651046,-4.449135440235577,-1.903226813675339,-1.5687897250167546,-1.512002204426821,-1.9767222534777034,-1.1978129083029367,-0.25811670367622347,Case
192,-4.675966649643587,-7.1880644728650225,-2.341134233709708,-14.237425824632323,-2.6986404281432246,-2.999607939942082,-3.1235455573656727,0.37887214895384,0.3169192071662687,1.8695373184991568,Case
194,-6.8775680237981245,-1.3184384946249588,0.41234272858072585,-4.334041038458624,-2.5795309980836785,-1.917681686589357,1.0035083478565832,-1.0347961363521796,-1.4714475808921872,1.0874231814480204,Case
195,2.5866523906658365,-4.332075599835494,9.69462086761268,-2.1333236713189483,-1.0972651973745375,-1.7459713803699568,-1.1470009211837024,5.237677957987514,-2.4966254939489705,4.150352237161732,Case
196,-8.419379823022808,-3.187529844240947,-4.8187170556877,-2.7264944749062368,0.4491025511381866,0.689411813169289,2.4444961747027474,-1.5871021132056342,-1.6603833673738535,0.6838276649652587,Case
197,-10.286837342513516,2.5602849545312822,-10.853636847151217,-5.961318821526282,0.9668115430807663,-0.4969485177912165,1.8111579532403739,-0.48998631421639904,0.3035244459897059,1.4503118089289435,Case
198,-9.903821862875443,-0.224504264687133,-7.326822189006091,-2.6738354836711764,2.1713596356867333,-3.0366250026896044,1.8281332233922956,-0.05082304497751318,-2.094629140680121,0.9597435947478844,Case
199,-0.8997441321494237,-0.8829709075088636,3.418184302442795,0.38933325524795714,1.414689307228476,-1.0997742944112072,0.7533157578966735,-2.527262021694305,-3.7419219256209195,0.521136450074178,Case
2,-12.114348473765418,-0.06275873383361949,-11.366380375936885,-2.5746287231291918,-1.9947361958051781,5.72558405248997,2.2659751474392147,0.018919692765182138,2.1795997041946458,1.164215132133351,Case
200,-7.53386325128914,-3.685801596319004,-2.4475109706981195,-3.2973484079927613,1.6618226119203232,-2.396198367854914,-0.03965514344559312,-0.27308865943337707,-0.8253453479759479,2.361616164127648,Case
21,7.9297823646691095,5.886275443570353,-0.9176902674317415,5.94045866104937,4.111105508871839,0.09106303452063219,-0.21102176880668855,-1.6046523046460077,-0.9556473602304667,2.994974411400277,Case
27,-8.281429480279048,-0.7528339097032803,-4.924664868906218,-3.0765962966396985,0.2969377852481932,-4.754987553825582,-1.0820343345703705,-1.6776103776898559,-0.4318905277090444,-0.876908324096884,Case
31,-9.908234366426974,0.2557403205354607,-8.139269791777366,1.4381156124053434,-3.542164101346266,-4.277292615582985,-1.0289980367290759,2.0564888168285416,-1.1063674262760481,0.5341834320524415,Case
33,73.51741880945596,-16.34437708238421,11.112609471144157,-9.76668937194988,19.894462640825644,-0.9034938843391324,2.2719880562748433,6.823633955685814,2.6769193439017536,1.8262236833419585,Case
34,-8.966050352988432,-3.3116174160547693,0.32408575989041877,5.942661939531032,-1.2459024690009273,-1.029347743226496,-3.4543014395958505,0.5147860472638981,3.1896711621993643,-0.3912985851579892,Case
35,-7.490784057800918,-0.7907512456353946,-1.8196880773798267,1.8733321575584605,-1.2541267338997841,-3.2878717477702524,-0.3271255668621719,1.3253151453564487,-1.2679304794311688,1.4748939787608262,Case
37,-8.458701387513209,-3.4979052997627567,-5.130000161729443,0.7036270293456811,1.0114597108887047,-2.742063322546306,-0.7180690112904625,1.9107379486410492,2.081456335546638,-2.6023428099206467,Case
42,17.396369633897407,2.002013137171949,4.35634258051688,2.8464231030674045,4.480534588853655,-1.4946161223511192,-1.6488614622811855,2.2342795238824977,2.6829583410178697,-4.636034987052416,Case
44,-1.627349128424937,-0.6135861892394217,-0.7315179243587367,-2.2578830045517218,0.8473224175416417,1.4073700468971055,1.5452106962399519,-1.11618462577529,3.3083704227111794,1.545828826353957,Case
46,2.396298860200864,-0.47895200801666804,1.1964085724548676,3.0159937907279053,0.9832346667286833,4.406184617675771,2.3409291877349823,0.17869075999821993,-0.9142141836241472,-3.3511494308126157,Case
48,29.261317795802853,18.83278331185718,-7.812997745113507,-5.585849649068748,11.102114576427306,0.7170256425435572,-7.561185990780497,3.8947172726741157,-5.447642406070251,3.0895209847576157,Case
51,4.986991232586782,0.3064068122153017,9.936772537082863,-5.920641308032165,-0.8255368955996141,-0.20139849563606338,-4.331063294919191,4.4382079566906825,0.6807324692304787,2.083448542317002,Case
53,-9.213408524004691,-0.10926184453182763,-3.4224976007062473,0.5461553081855828,-0.09941429064301266,1.873520396005975,-0.631543862754892,-3.5603625080905146,0.8015775725369929,0.8508916474655063,Case
54,-3.546939366462914,1.3792140639768453,-0.3086789111145927,3.9541127280964408,1.9413873102622823,-0.6314530668184181,0.14794186470936485,-1.8188232587552562,-0.007756947054780895,1.6243433102431943,Case
56,-7.368355474813916,3.3768625161932295,2.3571905664337627,-0.28420319607605865,-6.469645826874533,-2.293704120268967,-3.8913789519814834,-1.6896704865632288,1.5798214955661682,5.246336620487283,Case
57,4.319959979439983,12.72773067907423,0.36580200726184253,-0.6596963859696968,-1.61200272936394,-0.315237305001525,-2.061470079750958,-1.7269442735865443,-1.030611143577267,0.9893505630068884,Case
6,15.361914745889784,7.848029600027658,1.1036997376200666,2.260645987367687,4.952416641281857,2.2376138743863687,3.6486948162314228,-0.7267934676958614,3.8366842484445205,-1.7620539271542877,Case
61,-3.5721436443595866,-3.4950091990086194,-2.6643318999624745,-3.460794433029788,4.011141197351297,-1.0918404970964635,1.7978002302020615,1.2972586077405284,0.4057308827354018,2.4078923561323986,Case
62,-7.612721952845101,5.119261838151979,-4.721472836868702,1.2502990915798025,-0.039296083758292466,-2.366715666238314,1.1260759057730831,-2.307223383597346,-3.1709024568572923,3.850970079695743,Case
65,-5.727858625051173,-0.032068442046473904,-4.030436140171216,-0.24256394929785627,2.0409587385987433,-3.16551364966412,-1.7138533636309348,-2.2343978033697893,2.5022383121391627,1.3192804045563895,Case
66,-3.734028455537544,5.097701252098683,-4.98145758990675,-1.3083330804138729,2.0963191718684526,-2.330385298637267,-0.4073871289323608,-5.250872647579899,3.9168861254060543,2.967624353663923,Case
68,-3.0239012304559303,0.1787796066436875,-3.2982082805959476,-10.97476236403627,-5.971691699081812,0.9916098729111867,-2.865313264790695,4.354922525803892,4.081604263143595,2.2732634300753136,Case
70,-8.689396535563024,-1.8664840376182523,-4.900456472377619,-0.3684053696288315,1.3024642412234384,-3.2527714735105464,-1.650411332468998,1.507569883384758,1.9420847621463515,0.46100562627828573,Case
71,-13.962522099412707,-0.7635537271578817,-8.33871672145855,-1.1013325261758742,-1.2499307211657988,-3.202814031023634,-0.05708767901526762,0.38806934275940147,0.8765592715209828,2.5526841883305447,Case
72,-2.8215598494220493,-5.163068718578396,1.4708402672963443,0.3229819404617382,-0.5225247805992318,-4.825285673693171,5.650268751987607,1.110203303636542,-3.761968619015456,4.5262241798202405,Case
73,-2.7682342059187053,3.51728523737712,0.6611894974035905,3.1922493032891053,-0.5225976341171705,4.652046612619735,2.8324212226071794,-0.8928029019422733,-1.1347466911146415,4.244378801917283,Case
74,-9.488169256912528,-1.7978474841231167,-4.215081505222594,3.6977491566962173,0.5283529613914988,-0.021936946514259495,2.850659705114308,-1.734892727861126,0.233300794105254,4.1456664273422374,Case
75,2.471323249905766,12.355966734194462,-4.590482524180911,1.8686625968205965,3.313058915113944,-2.736434335111672,-2.0278287954417817,-0.9286431173129597,-3.4706728875439734,3.654726303052585,Case
76,22.426602687891304,20.09161622912923,-7.928993117415951,-0.15752754523874252,9.868193093941914,3.3712579044953896,-8.93633124644122,-3.0740729152017057,-3.5130407063340443,7.161877083836079,Case
88,1.3979453314320283,-4.159521931219793,-4.5465302071880656,-5.317452766018243,5.083759759605019,-5.072913548944149,2.964934117575536,-0.13461445427829263,-2.6257573391539224,1.6384213449734524,Case
89,-7.437805527077071,-2.57979152033044,-1.4572389635728533,4.273716998289867,0.49018781701743863,-2.488144497020046,0.14433171518628546,-5.321052626073296,-1.5388765099359432,2.1364675367270585,Case
95,5.518918918781078,-5.94657792804445,-3.0514858471062354,-8.68494343688435,6.630564319583635,4.340756556514809,2.212216659628681,-1.2142297860629534,5.0230101864538135,-1.662131517174582,Case
96,-10.489402994339512,-0.7538260776575785,-4.244209037803947,2.6867022517420627,-2.5121695977436778,1.213379673169063,3.2018543572268365,-1.2153503155943441,-1.566418798347362,-0.6474486628310915,Case
98,6.211511739127244,14.808445512658079,-5.816319573318334,1.8110620668038888,-0.14769184187427925,7.7669632441074326,1.2208367896297807,7.040435867534335,0.8965354816187213,0.49761548154039636,Case
99,20.438027544825022,21.02645281218508,-6.177840132483445,0.07035041090804604,6.537935917251816,5.000363462712599,-1.341746721995099,8.684028584684496,-3.0776473532571984,-5.76240837309062,Case
101,-6.40956789382581,-3.061310806149778,-6.019930291493313,0.6011463797077805,1.2048958056372703,3.961359455213227,0.35451934777342026,0.09652989261799302,2.39530487822913,-0.4380398866265669,Control
102,-6.892001641829093,-4.443211882444555,-0.9778069783173645,1.4382257521948085,0.3086341907641458,-2.4588067877158806,-1.7926979247333743,-1.0071626659121076,-1.5257538961027788,-1.9878846782573687,Control
103,-10.87532310788109,-2.20797660028842,-4.836622643322622,3.51788319178884,-4.073893068135318,6.944675713785166,-0.2828095003565865,3.291348517967675,0.4315135043284564,0.9912690857362773,Control
104,-6.955193975795866,0.15195399841392504,-3.586093405888033,0.5542247278683603,-0.25905813863176846,3.5259126274738906,0.7325418193661596,2.924697350296126,-2.7133004589709766,-0.9885087782243386,Control
107,-2.399724886435369,-3.436879473242099,2.8470422027264894,2.6339613704677993,-2.0860968446839037,2.9414131689687113,2.84322331492756,1.638221533570015,-1.3749015155582904,0.36789211046857756,Control
108,2.4641707128671855,1.0455387912916727,7.738738854157933,2.5964890724617695,-0.5305002009728058,4.054971789610633,1.2871643650902476,-0.6386583705778495,1.1895880088814341,-1.317639462798468,Control
109,-3.714575977286237,1.644062152130167,0.1647545872610714,-6.4659810429686795,-4.559946836661674,6.106613443073755,-0.7120580797249818,4.850969804890929,2.3066505273924824,-0.5131634603900129,Control
11,11.257737259065022,1.9790828311001092,9.507246407233794,-4.916620745576943,0.31826708927973746,-0.8161034237099083,-3.479706331268756,3.176048751560899,3.807423042644638,1.546091569761452,Control
111,-8.861674617645066,-3.370493161952559,-3.6173618155521887,-1.8471759257443485,-0.4247594636681184,2.216058796953219,-1.2392859617498513,-0.48296366431303245,-2.483929564913484,-1.0494268116892946,Control
112,2.945084433756459,-3.892697946970364,11.613149683735953,-1.0396899047167782,-1.5593127265091462,1.201000312284327,-1.9342118606938343,-2.1428858206321397,-0.7912933359918751,1.2733825400268801,Control
117,-6.7361286581834685,1.7322058712714954,-3.983674167334929,-2.5325060580543175,-0.736505516404944,-0.7673931160702894,4.99574742769521,2.535474548908243,-2.263685380947708,-0.9941373709446742,Control
119,-0.8248839140132658,-1.6744691239316893,4.777411776064671,1.4448372503072888,0.9154131266833306,-1.172189332279533,1.359703094578712,-0.5681990994780496,-2.738422569106271,0.42157083215808283,Control
12,6.450819165497657,10.755226646609929,7.321040386527671,10.569107616381302,3.6239246043976037,-1.4855928006715926,-0.4275320428288698,4.402627708313433,-0.8667535276063533,0.3248127741479011,Control
121,-0.6595926342128575,1.3414103735545322,1.5367891768632667,-2.4090976546808145,-2.969100366563299,3.032302724310146,4.790203021685509,0.6460976089176587,-0.41075168276789176,1.2505898965007782,Control
123,-5.770165691504274,-1.4910349101947142,-0.8087677618781329,2.1955069805834153,1.4477355302596036,-2.0519238247670533,1.2486547493023643,-1.6970105532119832,-1.9869164124195835,-2.396112397266657,Control
124,-7.5840018348149725,-2.800180533864957,-3.8568616088484045,-4.995065840794733,-3.4246182595299293,3.676122231168304,-0.2466952521118641,6.0281088067431075,-0.0650520840611023,-0.20192314548842388,Control
125,-10.79675516437444,-3.628912848751687,-3.147271115691281,2.6904180038084977,0.1251815257186163,-3.856186190224403,0.9608327523382025,-1.51411548133196,-5.083559708852028,-0.9296676951487628,Control
128,-5.198888521730493,-4.679880374853431,0.9341404826099735,8.406330874686665,2.638466137340466,-0.3070067369046516,0.9481865042375565,-1.163837115984762,-2.5746296531706494,-1.6454884844201656,Control
129,10.367709580077486,-7.781084795688124,8.271390626926056,0.5568129453200172,-1.12609505679924,1.2434799518718804,1.1970857412784401,3.4459116626515844,-1.5406087311609227,4.467530234987045,Control
13,13.0572043759713,12.354839052789664,3.651630912308423,3.613344281497603,1.8946172462939366,-0.30403970176471445,4.30356110496052,0.09438558970146811,1.6630551712474317,-1.3751197283298064,Control
130,-9.321756045873839,-4.91306356778912,-1.3416649595453893,-1.1111600056511368,-0.7706885231367967,-2.8128166207220913,-0.8893784510372151,1.6436760331501454,-0.8101785076114846,0.5607650964219971,Control
133,-11.31498176564057,-4.036544743102999,-4.747236934042679,-0.39445702535083765,-2.9355774772985987,-1.0034739562896318,-3.5413999773844225,1.9429878177563196,3.0051695963530154,-1.5054855031452066,Control
135,23.48326549833822,17.02130695252545,8.48824574648679,-5.37873566190191,0.37569966056298487,0.5746757014898831,-8.584785381548295,0.8142404312170451,-1.8158993398147047,-0.051342531675269636,Control
136,5.782796247496793,5.386128955232014,8.90467827486457,-0.46245336663550285,-2.5929915749234045,-0.6602559738937938,-4.613043504173529,3.9948097971187444,-2.2244604424993613,-2.1604125198898836,Control
137,1.1217782599233685,-0.8906010221248218,1.7944052217636037,1.884039610675117,-0.463996802679379,0.19776376367335433,-1.795850888108308,3.7900405777573885,-3.0535214105559305,-1.7653272314269348,Control
14,26.986901506756013,14.876654996443436,-1.37581420817103,-4.442486871240416,8.180867875156585,-0.004243300997182046,5.188592936467346,0.8995275002660849,2.3516928280682623,-3.045595288482839,Control
140,-1.777369003449852,-6.848106927334685,10.481473245391241,7.7646837514584135,-2.6378317707711507,5.051880482118968,-1.0432543129311898,-4.07656966469254,-1.9998250832482554,-2.9429250184051927,Control
143,-3.7050851138323786,-5.652663160003361,3.97145381199407,5.22047375034743,-1.4804738938723299,6.328497911543621,0.8431083989237829,0.9740805308806253,-4.246686278613661,-2.6522948171351466,Control
146,-4.947848209952735,-1.9533314939053263,2.9399487446581825,-4.1939256576320245,-3.6081407352950525,-2.7658721135661963,-2.973824516130856,1.0250208030744608,-1.6299389054818776,-1.1921428607732591,Control
147,-10.555448131611511,-3.7098206167831944,-3.754119113529585,-2.729113955871539,-3.4656784865737325,-2.2178836440532614,-2.470512397485062,1.6457021244958394,-1.7912528476520921,-1.6816486353212763,Control
149,-8.672871129386781,-1.2383938679441284,-0.6314719934387701,5.330115814560009,-1.1211863903324897,1.0950838012934694,1.3525924159876497,1.1077149322232438,-3.2851062437910756,0.7624326556540544,Control
150,-5.637104296914613,-1.66320638950105,-1.8500976314306552,-0.8503812768450373,-0.9420186807917804,-0.5902183934176992,0.40783669496921293,2.030624815347325,-1.7409733458080217,-0.36087486594453455,Control
151,-2.0679109222396805,-3.6861117639014322,5.878337303541248,2.026267983229958,-1.2056968322450943,-2.514491377309539,1.3451725364508857,1.463655809760143,-3.1734270063738657,-0.24368094316328984,Control
154,-5.520207195959828,-0.8933939843208171,2.7394108909819606,0.928407133243555,-2.5255153289306516,-0.24099073323005207,-0.26534146877062803,0.28740384366838906,-1.2716308793201296,-2.0143720472375453,Control
156,0.6423171966591066,-3.888488678241475,-1.0453756694135925,-0.7750185796254712,2.103306989487797,3.085125227778819,2.2373832478093294,-0.6733891606779486,-1.2650919092078348,-1.8444391327243121,Control
158,-1.7420419563244327,-2.4080085143016126,-0.3888499908278368,1.3619476402763016,2.0153734574219757,-3.017079166336659,2.9384867862186415,2.0513826280164964,-5.523239446448216,-3.4869539611398164,Control
159,-9.786692397508725,0.43663911618264767,-6.848745763898521,-3.2158508150655214,-2.207822231977366,0.8284846150857866,1.933760817916942,-1.2257511812902337,-0.34576583045777703,-1.21659536556437,Control
16,2.3866335177532005,-2.5382035245274546,3.0594821523369697,7.868708590528728,4.404710837783038,4.599447790426424,1.9707510292047763,1.7810300119161753,5.848342856486734,-1.2002175018317192,Control
160,-0.8772903211837741,0.8095322444356959,3.7765052704493147,-3.696459459848881,-5.76258131881284,0.12592605450151775,-1.8137666972252322,-1.6812926841066866,-0.1572934907751754,-1.1261920924729316,Control
164,-0.05814561690386099,-1.6589563054419323,1.8180891896538152,-2.2037495528709004,2.046452553924775,0.9844319450282999,-2.3476180433947724,3.6157892071602227,-0.47338053186201295,-0.8056643067247038,Control
165,3.6547209886066834,0.7056957802467214,7.631359518761138,3.8021318625916796,2.148855084475091,-0.3812014105170158,0.8099439896967051,-0.09431052359520908,-4.4641077574641805,-3.0005474243692727,Control
17,-12.921573518223472,-2.200903686015134,-5.303500573954208,2.9277982290712714,-0.004675438519299012,-6.842559904694772,-1.213840339262327,0.09098920076833035,2.102968272135266,-1.414184526010155,Control
173,2.5344493851829335,-3.0835937081979825,0.7750281033815433,7.135695616682873,5.827656525696276,-6.348784744857767,-2.672503088217769,-0.9334138134444495,4.514490947230565,-2.3834122588485895,Control
175,6.870136255211638,-6.566231180648712,4.798149637266083,4.351908776029026,3.7229173242234133,3.233603624316653,0.9226207016105122,-1.432544418969098,-0.01097540783837745,-2.471037619264417,Control
176,0.10197769062123396,1.5095915029793292,8.798963186232415,-4.692627736260089,-3.937598508287979,-5.185058798623451,-3.2713296796534754,1.4343687884654481,-2.6999570703278937,-0.07018928321780658,Control
181,-6.5588138484983745,-0.01399043619217807,1.093109811752145,-3.4472534859785195,-3.793376405910744,3.721646680430798,-1.4423482915591082,0.026151163200218933,1.2642410423040964,0.610924335563932,Control
182,-2.7941019049253484,-5.576973460518721,10.610051678654088,-0.9160103736586968,-6.408861744369626,0.287219006590712,-0.08440328123997605,3.73481678079367,1.1618859005246704,1.7590899490366945,Control
193,3.3476259683741945,3.2351285883698013,3.01222095949217,-1.71583254579846,0.6760927769081211,0.912071179972571,1.760709081151893,-0.01144904160369401,-2.140374267905489,-0.3980226638134479,Control
20,-5.11702737051387,0.6149997434846904,-2.383992046757692,3.388326078302984,1.3377026709736595,-3.0672200504481255,1.0043108862095182,2.618851378640314,-1.285034625441649,-1.8738454370355322,Control
22,-11.343614145747496,-1.1559754382856076,-3.8583993143976785,5.152158868094864,-1.0591155583646723,-1.110795472931066,-0.6320512238323382,2.9396922447681044,1.6431583994623715,0.4884017804167216,Control
23,-6.1080793251884575,-2.5165287341749925,4.101734620353851,9.928001219849259,1.3853049967901956,-0.8615524038603983,1.635024301003829,0.2470084706681011,-3.146929527052816,0.8619904349359937,Control
24,10.265793992544998,3.9205464559694,0.10096402129893738,3.8632256546351798,5.615774762294921,-1.9439059001481158,2.2176759228032195,-2.2404637468460953,6.121996267174306,-1.2552956047927424,Control
25,0.9470667149346528,2.888627242043182,6.699931165162774,6.988210714470381,1.1957820537171848,-0.05574188670089711,-0.5276877025244815,2.0650454895681274,3.521112519267241,-0.777482850159425,Control
26,-4.923175678492192,3.371577775127075,3.2902031832230265,5.41898557670608,-2.2340968999712434,3.11451109181501,1.357772294264644,0.6492675143998086,2.9612638894339787,1.5073785269055908,Control
28,-7.197472292691499,-2.8629510263773867,-2.0323185822401144,0.09440492027482116,0.6566942596579464,-1.5236479359407957,2.6653734516109457,-0.8582201805941821,-0.1053652138110705,1.1727612510570817,Control
29,-1.5780825856440064,1.4343218891189986,2.7604935979095906,6.569042394599451,0.563820994388625,-0.18790394355396825,-0.7264840738850659,0.17159681172886923,2.912753018651989,0.3297816810185719,Control
3,-8.059311627270242,-4.294703090645857,-2.8474041522386044,4.401754274553354,0.8990743084162265,-1.1272194814849463,2.416648013362877,0.2894948390902378,-2.716418104703502,-1.1896535150986838,Control
30,-5.494736004894371,-3.225951344876712,-5.273046942264766,-0.39679668293408626,2.7425612301474187,-0.5793146402531979,-1.2815568202579248,-2.0606074558798,3.049386448595215,-0.830724299420971,Control
32,-8.519566877127964,-0.029979039101298104,-2.3820176803458044,4.2674895069820975,-3.745276121400834,-6.806583681182856,-1.10999444594482,5.022322741949599,-2.2513178454119096,0.1337873542882699,Control
36,-1.3802826525586862,-1.0747300901693029,-3.9970596305960138,-2.9197334889213,3.451365417923578,-4.3993450625855575,2.7570257174426436,3.088985217049417,4.512006137055636,-2.004921291076795,Control
38,-7.95999882210837,-4.24493031956552,-1.6978917476683821,6.218348146991625,1.0836870960926637,-7.308365983910828,-1.621231723511625,3.473094668666278,3.007265528105776,-3.9368510406372095,Control
39,-10.82540487945934,-3.0781049625935006,-5.155722672239127,2.7836800999849123,0.5482857526516582,-4.462304771705388,-1.0575077756478284,0.8155294239058015,1.3795251109261697,-1.4949755362822417,Control
4,3.275124910658282,4.00908951714373,-0.20275084045928665,3.2253179650462456,2.4367154433782563,-1.873328066978172,-5.518897711567508,0.37835948139947884,7.575470288084752,-5.1977127855927865,Control
40,-6.494734604222033,0.7890196676060693,1.4027871678953145,7.964815560936873,-0.5592355556476374,-1.904604951243431,-0.3182324703937821,7.638262413277118,3.5509059926673263,0.7867079837240748,Control
41,-7.458631644965414,-0.7777340035089985,-6.9046521990356835,1.6586213656792343,3.2173873033013134,-2.6456044584831813,0.3895338611980288,-0.8467011499552679,3.238210170724839,0.9634330212933553,Control
43,-12.457357650022482,-2.0737100286547614,-5.732138657980255,0.23390177638889428,-1.2329380226561566,-1.497988271081468,-1.4740628224105754,1.552051054337284,1.2188240390173675,1.0001436082201014,Control
45,-5.278573478846052,-2.8768788556466967,1.3258111048662362,3.824576669818195,1.896138673626141,1.3121519457307609,-0.6162004055688209,-1.1567799022763732,0.5541862877286,1.931824671614893,Control
47,-8.88645205416547,0.8719860119740515,-4.774562625663028,-4.303953093399708,-4.39477937835276,5.576618995712147,-1.8992035837765726,2.643705249089005,1.7593104544325717,-0.043131436452621824,Control
49,-4.821231690305838,-1.1917278822016828,-0.6031666107441159,-3.3035872446684595,-1.996353203494311,5.427404078148827,-0.44948825429209927,0.9762833556272487,1.4259006573525959,0.11351955492370648,Control
5,2.239281355838584,3.0543745656639927,9.155878072565994,8.670445363383385,-0.006223346759429106,-3.865822679908706,-0.7264713155928454,3.720102542627893,0.7869152396897862,-0.9672750326549413,Control
50,-6.297920007646747,3.08791383984981,-0.2575169402471676,4.809954922423125,-1.9820657465203664,6.755041688332452,2.913407143920602,1.7915969330577646,1.4044862708826948,3.6609725490102405,Control
52,-8.613808192324706,0.2329441100407183,-9.185974543924367,-0.7527510525381438,-1.4880742800606341,-1.5206981201447303,-1.408695968670463,0.1721736326732885,-0.396163115467637,0.627939669739396,Control
55,-7.160711184814739,-2.088350645957348,-6.362659212978814,-0.4053927088016041,2.412480047335775,0.26031113238762826,1.3903008768826324,0.8182669970294019,3.0248553105019167,1.459776064650341,Control
58,-8.700630899806495,-3.2535745252107553,-2.6417305863952647,-0.5960667159351472,-0.10559843149292264,-4.294932744487621,1.517904200212184,-1.695472258171344,-0.8422844848102564,1.2235729919714753,Control
59,-1.469491466319642,3.3590092876634006,1.5707648354840842,0.3398164302165492,-2.880474806204539,4.383748322132771,6.276404430733428,-0.4878167966816051,3.0070743005237657,3.7357322812087825,Control
60,-2.5976486654261106,4.3377911257178985,-0.47983787354927376,-0.5394654647301773,1.322211081780499,-1.8968784024647558,-0.13214347071491442,-0.19601346214501597,4.3933263237517295,3.2654868292072727,Control
63,-0.32180504774580276,4.556197895705255,-1.7016947329529575,-2.0139838078224206,-1.4049568443738014,-4.2051511832653246,0.6405381795828291,-2.884443411283647,-1.1267672587536741,2.4708198948367115,Control
64,2.1204042608174354,6.254055382539588,-3.593615896571308,-1.9319379837004436,4.0066622710929485,-3.1432602013924926,1.8705313833508932,0.10050965314719919,-0.3140649787693778,1.801719364188142,Control
67,-1.121239637516255,3.2049465213799304,3.2094658570178853,0.6872595999773174,0.472338307202184,-0.9233733237910292,3.0737465466857996,-3.4477338545044747,-0.29346183529814907,2.8913077232360194,Control
69,4.527463864240016,-2.9065886839074344,12.328491812062715,5.866224672360629,-1.3159931547905936,-2.535879737096692,-0.1319370166449644,-1.664922330894168,2.861603800481321,-0.11205372466796407,Control
7,-3.4934171650735464,0.43646102766168265,-2.149742672634868,1.4979562611124473,3.179590048569012,-4.3832282936169085,-3.1582254334053976,-2.2793305005112128,4.374134429431059,-2.899119120371836,Control
77,-7.327069058415914,-1.9888129206696779,0.13991355084350113,3.5199267643868763,-0.5701261864368298,-0.9168378673046917,-0.16822902310904225,3.263279214831496,0.16567607646325014,4.234519755057497,Control
78,-5.652980944358489,0.44502659190085225,-0.12256365730588378,2.085373890584119,0.0013636530251430572,1.5808847120125236,3.5436136210358375,-0.431936911301331,1.5701678747230197,4.5948983663335685,Control
79,-10.103228936170982,-1.944677588980255,-0.6308071552320175,6.207076895768544,-0.5016317725084061,-2.1900648994792067,-1.4039163484775496,-0.2519874577207244,2.6388013981754095,3.5101727356683474,Control
8,-8.089348845907844,-4.067862363869545,1.542527987973259,1.544677522555242,-2.194047213778042,-1.1727110259114935,-7.18710854296033,0.44157172074574147,8.10675505448763,-2.871527395516534,Control
80,-3.5099022748288204,-2.0290035326246247,1.6056394770441833,3.0368959683742176,1.0806209649311578,-3.2699838860633097,1.4596768042390396,0.9169807034353089,0.6121139428191448,3.1106852825956524,Control
81,4.303735793562692,3.8047391789973855,3.038128814220937,-2.480790274945103,2.549922900044784,-2.790056699312932,0.31336583092238957,0.06153588343796216,3.6046772883174127,2.59224351128982,Control
82,-10.165414639503497,-2.5226986470990247,-0.3836746938656986,1.3262491266533387,-2.0925085115183863,-4.146974978172333,-3.389042605678507,1.529433824768625,4.646016282014274,2.8488620297220106,Control
83,-9.124147702564914,-1.4438755638501741,0.05174647117112467,4.825904893031525,-0.25990850074069743,0.7530429346808569,0.8895767650543668,-0.534691493724604,-0.2667490869233785,3.5502641255989604,Control
84,1.1950933994867712,-5.064057170152908,9.402445814131141,4.399742999785216,-3.608589350236859,-0.49175800515579254,2.291776006286402,9.418200769064223,-1.8818997415276966,2.757825128608463,Control
85,2.929410222873497,-1.872879069771384,5.534675712184108,0.9149109530048126,5.375086323988993,2.3141985750045877,2.3853989809698066,-3.58452243655851,3.5612950763143982,5.443766232172465,Control
86,-11.231332094577033,-0.9937896103436608,-5.5132409871762755,-0.38993703191658785,0.49561221928707205,-2.074015410160816,1.8704522160272457,0.4732007842552385,-1.8191047105952989,1.6627387674725238,Control
87,0.6268328841750184,0.09289326585735198,5.669550150521771,1.6891943284477848,1.86516958190809,-0.06624717810191187,0.7592696440666632,-5.184559117159271,0.27290667027041887,1.0881326798322868,Control
9,-5.091325570934095,-2.4169930210943362,-0.2584955508828542,3.060904558824829,1.7542366128573421,-4.098646635104013,1.244691592079796,3.230396300554462,-0.7179226715341676,-0.591262662535346,Control
90,-4.086037350881091,-0.9785436503786556,4.121209012194082,-4.565476757203879,-1.4610853971362336,2.3069701861619687,-4.682615519992441,-5.524096053593066,3.05249602746791,2.3622030011539805,Control
91,-4.673226810473401,-0.1566806768506245,-4.069442788948931,-3.663081630984411,-2.0860825906668987,-6.484508684516343,-5.461042937905425,2.0402110906547035,-3.203672517606978,-0.8154696473971133,Control
92,-7.33571631396005,-3.222309735591339,-5.737835783830001,-0.02256023199932718,0.8583995673250308,0.11638668863286784,1.5914896220219303,0.3626354847923434,-1.101125893015533,-2.6442944179032444,Control
93,-13.316476708792083,-2.671001106062442,-9.47429932450728,-3.1340278725314876,-5.035379895705428,6.650376230265334,-3.118026573001766,-0.2001009083153035,3.490899713713252,-2.552968035134697,Control
94,7.323213675568511,6.54735689972278,0.231623675637272,1.2147543025142105,-4.875985549239147,0.4770195907032744,-1.6582133193573185,-3.286191663760696,-6.862052371526382,-4.499556285670318,Control
97,7.717526389644954,-9.398849677365607,-4.5347248989188635,-0.07025859034842778,7.771595851681194,0.6308268422320829,4.22364586558692,-3.490760521826005,2.368183497154733,-2.862988566537808,Control
