,feature_00232,feature_00157,feature_00294,feature_00252,feature_00215,feature_00296,feature_00283,feature_00110,feature_00142,feature_00277,feature_00235,feature_00100,feature_00216,feature_00257,feature_00164,feature_00286,feature_00194,mz_146.0579_rt_85.2,feature_00279,feature_00165,mz_180.0634_rt_120.5,feature_00181,feature_00212,feature_00161,feature_00255,feature_00144,feature_00129,feature_00178,feature_00111,feature_00149,feature_00273,feature_00130,feature_00148,feature_00241,feature_00221,feature_00186,feature_00121,feature_00274,feature_00198,feature_00123,feature_00299,feature_00206,feature_00278,feature_00295,feature_00191,feature_00268,feature_00139,feature_00207,feature_00147,feature_00205,feature_00254,feature_00127,feature_00190,feature_00203,feature_00292,feature_00114
Control_1,-5.264480430541065,1.910288785130713,-5.304273988385358,2.527472189683805,18.434830185263845,-1.2598262719683875,-4.342451274455055,5.252901078596198,-3.442594741363092,-4.3491541777449205,-0.04496295153231803,-3.835544541793582,-3.975615917597677,9.30434437882155,-5.050200023691717,-3.6175450247676078,-3.3856375506045016,-4.204367098687553,-5.554411730505626,1.3495066503656445,-1.4491234883611843,1.650724960698824,7.078898901333003,4.717424918184592,-2.285466025542805,1.790198219602252,-2.1784428598933037,-3.684430558576888,-3.3887065606288878,2.1895656091759776,-1.758366463373789,-1.3818018291091614,-1.0124140197836575,-1.2878899190852517,-2.603645755835017,-0.7612985585495935,13.851270922230297,-4.998350009507952,-1.477903116434579,-4.318085391833473,68.60466179626567,-1.7353856552579743,-4.15639245041307,-3.6907585544536103,-3.779257384339714,-3.4287984912862437,-5.604321239071448,-4.1320598867068465,-2.456708863509984,-1.3220040104488195,1.8282032407786712,-5.370702348650321,-4.735415543758909,24.076360577797175,1.7670995732693424,-4.680393728777685
Control_2,0.7494637572902392,-2.879199615039577,-1.6431825350921783,5.254491398546817,-2.851206944491559,8.345311081926775,-2.4365447888098744,-4.838829025505044,-4.959569343490884,4.8952677891178125,-4.391739687536851,24.18290412358021,-3.8275514740521417,-2.5976084189386244,19.21001108182518,-3.776641355234567,6.667234477395193,-6.1652551797244834,5.377316557698446,-4.667937197786881,-1.1427591031986615,-3.4159155516746353,-2.48252391865718,-1.9473298487901014,-3.837651824303456,-3.65626947821707,-1.31021374351413,2.4499454829643463,-2.370792989612676,-5.825935829566826,9.63820072081484,-5.252439304302264,-2.7111444032293823,8.870527462707802,-1.9111393385046986,6.121268384173679,-2.0515267816297733,2.8436932966279564,-1.1853367380427173,1.8667742390990962,-3.9757963344025566,4.75921557921118,-2.6060720110960047,-3.5158214644759838,4.452222885150097,1.61920339060228,-0.01716144076966454,0.46322118993169137,-4.314524959427219,-4.351997537772502,16.97518184339641,-3.9775708574431414,-2.8406568043694738,14.753267408729577,-4.179972228958574,14.975213508118767
Control_3,0.8385627642815596,-3.3399097693865794,9.657896785668655,-0.7539486663466819,-3.938482166231584,-5.369193158565443,-4.250297137956971,-2.2520352874961658,-4.375333356606702,-6.365147404618214,-3.0692232082099635,-4.788500170234204,-0.8440314028864637,-4.283242633434038,8.036399990109643,-2.0063649768304797,-4.748864635251951,6.861464613708218,8.817514459096584,-0.2323687389538091,13.58348733366553,-2.483024547597349,-0.49891158598573265,4.072813785272249,-2.6254368994377937,8.176835826878454,-5.000853209978637,-1.9866837959912433,-5.218889813674128,3.431315120642359,3.810994080816594,9.400639844095338,45.139018717163175,11.130433484692945,-3.3304623934350683,0.17617255750028835,2.9009500688029513,-1.352847536305041,-1.4686677504760939,-0.331604372104178,0.6246611038986918,-3.325038793574724,-5.026780844181364,-3.244243736267828,-0.03850455512638676,-3.7789355602551544,-4.511866015485136,-3.2354955438379194,-0.8593807824631499,-5.204851248027851,-1.764268762475261,-4.58405612993421,-4.919229162776343,-5.248830488015795,-4.648362009769466,-5.443806645754364
Control_4,-0.5761289128897135,-4.085121688351235,-3.016160623958616,-2.1918692594353293,31.52787087258979,8.335615122421961,-3.319856890899418,10.557108815344538,-3.1720332275854446,0.3772144506307111,-3.97803918941808,-3.5827404778124765,-1.1619263706784255,-0.9078931879376047,-4.650026519017609,6.566075086798253,3.512425115292214,4.228572044721888,3.528935542113202,0.10327002193718432,-4.982376480557319,-4.374278981958692,-4.728679507915639,0.29975813707446775,-4.526045935426045,-5.743443126981296,3.2497124124326744,-3.292508619045832,1.857454469362639,-1.114015533988696,-2.7515431943533737,1.578917813518008,0.44695108925566823,-4.92255667605319,-2.4050021754359174,-1.7614248967584676,-2.9589171864657167,1.7676078694097168,11.635090676203411,-3.6064980546391467,-3.9757963344025566,-1.0342169741294147,-1.9565032366664592,-1.8204783573579901,-4.7650548043862955,4.1820982755793015,3.8877094340758367,-4.885169036705917,-2.5746848389840142,-3.8148876572019064,-3.9388934982870656,10.633966418347605,-1.4506398898988724,-3.3821017165436245,-3.85262064195502,26.28681484513406
Control_5,-4.7631251703039315,0.5502432143368515,-3.4151485793600753,-2.8231314741554443,5.999338593668945,-0.4824458919153011,-0.2757181942736723,-2.889912924193573,4.311095151780128,-3.7278428926458864,-3.767207850554143,-4.109674425774859,-3.6710635882704032,-1.1028636385581687,-2.6255652306731734,-3.8920013865555974,16.049323219476406,-1.7437451805066149,-5.081186207700289,-1.3391777871480626,-3.1236184592033833,11.293335004556123,-2.0395918487861557,-3.6497563233945014,-2.3282847940404903,4.959705603242542,4.183728327903354,11.770924741739647,-5.218889813674128,-4.490982211092168,15.248507909161736,20.914450900091165,-4.172301085430313,-5.343394472695155,-4.5120809180030585,-3.7813110756898785,-3.332128735756005,8.568135838939906,-2.5885468477914424,-3.9090896333642644,-3.9757963344025566,-4.563585797673015,0.5922221929006044,0.6573085911659462,2.3179947962411416,-3.544146864389941,2.3891500044554026,-1.0589154502573264,-1.3835716895816337,3.5737510015826186,0.2852390583567306,-5.888087866043134,-4.616924053015661,4.843303258098417,1.7391225574970564,-4.7752065408225475
Control_6,-4.295249146329647,-2.0103677545835845,-6.1126636722143095,-4.268884419060299,-3.135785646673386,10.267313439273194,-4.155056466710456,-3.6000355753974143,21.01843358817242,-5.464016333419089,-4.391739687536851,0.6932603492652778,-4.800766653931127,-2.3349317219539,9.587199065534241,-2.192003489505712,11.895230788175137,-2.8202598151529705,10.956638776661615,-4.171896133042165,-4.1327598646375,4.900766446853526,-2.383088872035503,1.3363574718598294,0.6378734730029908,2.394698053496057,-3.398495426456137,0.8406214733863402,-1.5229560674057818,14.662560487792849,26.772365953833873,-3.8672606096216664,-2.956377554107366,-3.697825898663502,7.369320577846086,-3.861183740116331,-2.5921555472406355,-3.918972238124745,3.037317785194685,18.937354316247077,-2.5190649537479994,7.125143918799949,0.32284298009832346,-3.8904995237208864,-5.6775646220389095,1.7164306495412651,-2.1301051098374995,-0.6261364187661049,-3.431852891555489,27.737983291498658,-2.914215482152687,-1.2258652896357816,-4.3027641593808585,-5.517765062517055,-4.35256325445004,0.5788948996294726
Control_7,3.3012781497365906,-2.1822316528593895,-4.318686815094378,-3.7481826874568354,-1.5711524445981901,10.222526738011231,28.740594997620466,-3.1052196143093296,7.900825685396269,-1.6232914524597386,-3.458584136009016,3.0981069186739862,3.366125309816169,-4.491678326711897,-1.8973107604378951,0.3068605907444525,5.318891028275028,-3.7357996612463467,-6.298859165467015,-3.0545080169163477,-1.19626099612834,-4.413234004800362,21.73972907421115,1.5955912625111235,-4.318500043033917,-3.028606979208817,-1.679472266349726,-5.852766082258119,-3.249502346127113,-3.3195021035247847,-5.078245882042049,-4.761939004278624,-2.9389182652126413,-0.24562277189500287,-4.506367057348059,-3.1095947623474998,30.451529119932893,-1.4026191937989982,-3.617749723785383,1.6719639056122355,-1.5731593170094826,-4.563585797673015,5.959099013441146,-4.529986829507006,0.1827139094724488,-1.024742744421924,-1.5892602833339347,1.970237503119494,-2.4492857125112577,-2.8752486618663773,-3.907237902200891,-3.141309892045504,-2.2318704846015707,-5.501772838690421,-2.8860326238101353,-4.988175673644079
Control_8,0.9188839992122977,-2.7949690729527488,10.011741971072228,-5.497017552772323,-4.1662308310780185,4.118057708194373,-3.698753407334039,-6.102012588694255,-2.5074607053395908,4.461881240861527,44.06731878690917,0.3859691780800261,-0.6739703710950707,-1.8869155079302462,-3.6736774341333387,-3.7208786872415676,-0.7532689571158228,-4.941555407290282,4.287991755997869,-0.5599334065941793,2.583862655983751,-3.655144400052168,-0.982855322067297,7.731804513395323,-3.5356937630887137,-3.891617079582804,7.574983847082413,10.532927411557122,24.399388645864228,-4.839626462381244,-4.020502529849011,-5.175690897916523,-4.172301085430313,-5.003814578760867,7.13854151070392,-1.605955963148077,-2.9661649574044455,-1.616093311201996,-4.1503047556499535,-2.3391580561630456,-2.9754523647876896,-1.070470958503745,-4.368376653645363,-2.9769192772964255,-5.083388408489933,3.53840542832705,11.771024163416827,-3.206325659495895,7.529903206358886,0.5389829929770024,-2.9877049238704467,3.6568250317176156,1.9116457692786195,-3.2868169904129236,-3.1803610896620924,5.438628743152329
Control_9,-3.5967138258644513,-0.45757880483775737,-2.9904178545215196,-4.041767713458215,-4.585813826758315,-5.137804920286057,0.4024382564083406,-2.378632421449935,-1.914221725224656,2.423125361443595,-1.2974685922165552,-0.3853002890227832,-1.8985529919738453,-4.298327487451788,-0.42734243321068766,-3.2579144857007574,-2.553740283248211,-6.1652551797244834,-6.298859165467015,6.075081432359664,-1.8024203264485428,8.557339111316855,-4.3588530194435355,-1.8718402720161862,-3.995432410197098,0.2359607862650927,-3.937169697468004,-1.686897304353247,-1.477790393841137,10.891388924410869,-5.32320973263875,-2.285117268922553,1.696089669073708,-1.7659418411748942,-2.309226174617715,-3.22226889362975,-2.066083557675534,3.8869617416301763,-1.2079419513225238,1.7351931523775321,-2.4576167848589154,-4.563585797673015,-4.4674545635751555,-1.693081829665352,-2.8534069857574997,-1.8549859118925052,11.489219737416423,-3.7919713350741833,-3.4444612926676035,-3.8508663314040414,-1.8302782890925735,-1.4456521846837207,-4.7279638684544,-6.012121536422841,-4.0162503135129075,-2.390909817426285
Control_10,-1.3342341867494263,46.578589122065615,2.9491573947196086,-4.192561657403021,-2.955167791669693,-0.371404863113646,-4.811389329137664,8.725980260458613,-0.8532825325986383,3.2008637294395585,27.022829034252666,0.23335959026151354,-3.095311060626982,0.008333116308974898,-0.2078678264033479,-3.185336467804577,-1.366584259657018,-3.8991013548691043,-4.14007554154996,-1.9827781633262596,-1.2469173916647491,-4.200323174713999,-4.451714559474677,-3.4400369400777957,-3.872474909211554,-0.7408776769783582,15.913607552731234,-4.152402042124904,-5.218889813674128,-2.9555728487349135,-2.749259007995784,-5.233141194077887,2.8235908303738992,-3.6560443448113458,-1.7634381048066896,1.4482976840398043,1.489959439797898,-3.698293919063654,-2.9362081659149935,-1.5052029856702345,-0.4859633443577104,-1.6319582016746421,-2.6795269936044086,-2.5426643923137857,1.3814394843732383,5.952355896931741,-3.000074885906644,-3.814756311725199,-1.8565170767983594,-1.649993408141057,-4.138413110436519,-3.1295551844543987,1.9576670961806826,-4.128984914709812,-0.6018031728194951,-5.706263517515811
Control_11,14.296368406473913,-3.460192229445472,17.472687422599154,3.1713864950135178,4.752956015135375,-0.7525752058316298,-3.9466636162321826,23.169571677106422,-1.7837656180826302,-4.827161770945308,-2.1840034669682336,-3.9795104709713027,4.3877097211901175,-2.2154413635202514,-4.003578609919938,-1.0798599300426985,-5.03887894804498,-5.251680157128123,7.743859999294217,17.731120507238437,-1.9001337303482644,-0.9199693032116463,0.8008025441015644,-4.4303270663760905,0.36038079423809344,-4.981425647174509,-5.931137593416653,-3.4551483881525784,-0.19202401373029085,-0.5480622775090037,-4.828080289709415,-3.3362727062292583,4.001357793684462,8.558268972650232,1.2268737723015586,-4.886115830534642,-1.6796522395766973,-3.482986965659408,-3.32465431346746,0.13116731812937277,-0.23379850023086068,-2.6715894297762444,-3.7499099855142424,43.531014559605275,-3.183674413355726,-0.15590365678179102,-5.543257224629917,-2.6169378500442613,-4.314524959427219,-1.4580607888604165,0.19455040542514618,11.394910668554825,14.946768239542426,-4.381746618781557,-4.648362009769466,-6.114371903791107
Control_12,-3.2164670744377624,-3.5015490388247885,-3.2848494511058917,-4.34913788675879,-3.3050307364261804,-3.103106056975592,-5.063653720089629,-4.147707150197671,-4.380409765045705,-4.895139216587242,4.409194502150539,-1.1117143507289078,-2.852627706689869,4.103182730680032,-2.2653662788101476,39.21963482545353,3.3991443172602787,7.391339623578852,-1.5410586473869419,-3.747076943713068,-3.6710110426839884,-1.8877421762327502,-2.8090319947199083,-5.762227868814682,-1.474902861049492,-4.311380806758462,-3.848572604501443,-5.852766082258119,-3.083619714684244,4.572379853989397,4.6906362141579026,0.3156358291451958,-4.172301085430313,0.8832714267964413,7.226711379338883,-4.0497421612130164,-0.21885104504024916,-4.31205492322338,-0.8730361542880216,-3.575452241937287,-3.318382918913825,0.624733078082621,1.7886383661643008,-1.5544274903923032,10.262548668593883,-5.558248573429034,-6.0838969217658,-2.6079797523721666,-3.855542794406872,-0.4016812205582786,-1.3709897795785284,-4.33859551924376,2.096931838049028,-3.5588477247981674,-0.8878935450205162,-0.09358232221277238
Control_13,-0.757506767485163,-2.2910625633872215,16.705240619223055,-3.684974951200745,-3.9239801922764785,2.1360663120800973,-4.445119519518206,-4.812296705150463,-2.689453933193209,-4.0524941942583705,-4.391739687536851,-0.9526680899210562,-3.2668275142262915,-4.745418420884085,1.5113716051846933,-0.2777993547237309,-1.0643461628484099,38.39849609902878,9.87097713180007,-4.770209363503478,-2.5430951857249817,-4.031165397358424,-4.56366548275958,-5.151317628951629,-2.49183143205968,31.192017124481634,1.8358553522363108,3.179345980768002,-4.567282064682676,11.71351547118596,1.109753156086075,-5.082582102294429,-1.1684076431543147,-0.10169514518322839,9.21414525373763,-3.413960342389134,-4.19501592176156,-1.904649652122782,-3.617247634573611,-0.8770753228723589,-3.027740244751642,-1.0205360099044227,-3.2358728834066013,-2.3783084436889457,1.6455870492071258,-0.3897068039878973,-3.8726291023512647,1.3265862459495872,2.5438656228644856,3.1811560460252237,-1.262290294482252,-2.2037949346261043,1.270669383140808,-2.514059870082704,-4.648362009769466,21.86735630739207
Control_14,-5.477288851161612,-3.7166550607916817,1.5856792880243693,-0.06609118538217244,-3.548785560429332,-4.817138847532523,-2.7129489038145733,9.070380037995733,-4.115104537348309,-1.1389613912362138,-3.5908817456130553,-1.223187623221126,-3.717015584658785,7.008882347412961,-2.6260098856290366,-2.5232226589063433,-3.6232113998362765,5.9768120429904705,-6.298859165467015,-4.590929223449237,2.8629662293414535,0.8992331916262796,-4.874628494582289,29.54842425652727,70.67698237283989,-4.092781720842492,-3.398791055520483,-0.3923918100449386,5.839751324547133,-2.2030936884933014,-0.49182158084196503,-4.117458703132325,-2.7344466467103503,-5.374518002235834,-0.7408202109071903,5.787695045614567,-3.339962386176999,-4.998350009507952,24.46412252080125,-3.7558321307416898,-2.935512995679245,-2.938622125065363,-1.8986639440096926,4.81858125999446,-4.691933464754687,-3.7890834666270146,-6.0838969217658,-3.836134241861813,-3.6220634555246947,-4.246251026661809,-0.5939160583647967,-0.10207149903613097,-5.554786698038388,-5.215104495623375,-3.7557302285638556,-3.8190165235047657
Control_15,-5.433211948387694,-3.6173816595346473,-1.1733753137274527,7.613088652304177,-1.490976127718838,-4.987004172061531,6.113162019261954,-4.952327990840228,-1.6104570754914285,4.470152687395094,-1.679944892689897,-5.692541544691369,8.048415942536495,-1.3530639998984868,-3.643850134568296,1.3749162703131776,0.837311183017292,-4.753030292254888,-4.054901669502832,2.90069872470393,1.1311491437316796,-3.546919584465022,-3.0198648196732494,2.5332550874639743,-2.397644685419755,-4.706309768789991,-2.1673590845655215,-3.640730114039031,-3.9708144229425097,-3.2387436924312345,-4.028903640413543,-3.073049137256376,-1.0031958938844572,0.9972593180488303,12.31819602101647,-2.7082351409995087,-1.929509674668026,-2.901026306529327,-0.7012427231258848,16.85644342145736,-3.3474589397344636,-2.8835661179535643,-5.592189615725893,-1.0998618500209414,-1.9764461588796542,2.360456793115874,25.098797361499457,-1.9123164431987354,-3.5833821990966594,-3.985584962558038,-3.5777346802014582,-4.3128801517563105,0.656504481130532,-4.84195414180146,-2.6812521175620683,2.282996017352687
NAFLD_1,4.1731623592972475,-4.085121688351235,-4.3423674227958795,14.789358980707927,5.096050272895556,-3.128176390143055,3.5118004392288333,-6.102012588694255,-1.0469626912948111,-4.563295744023807,-3.7131242478433752,-4.083119762461381,2.359490070501707,-4.398779330464669,-5.261331179000308,-2.839290271003334,-1.2845268447880773,-3.830470478038758,14.112570338863879,-4.01793190917336,3.001529074249959,38.42271384115725,1.7914293967302028,-1.471348390492319,-2.277238983797355,-4.7067223835396295,13.275062402651324,-1.422629069366563,-1.0047790813398345,-1.081096650185001,-5.752232786222776,-4.438541050910288,1.4103928567802355,-4.517169989569381,-2.740409412377226,-0.11677265800457337,0.2515923027695688,4.774947771065205,5.030650894239371,-5.376295607635473,-3.3975509740637695,-3.3470233573456865,-0.05604491654951747,-4.529986829507006,-1.3533923321989592,-4.627385447165436,-1.7541903127690275,-3.2246586276668396,1.4909756183901524,14.805281902371133,-3.035338141080052,3.086534098308616,0.6133705164482681,2.2663402561369663,-1.3150166962099672,-5.207162310995975
NAFLD_2,-2.9063747161926434,4.690638573640767,2.246380884108072,-4.537919820832422,-3.5519724455286648,-2.573655565009436,25.827193504457426,16.750426870795856,18.609460911249666,6.3461123951066325,-3.887575769431108,-2.9608121118542514,5.4622038984918975,-5.214529519433107,22.870566325578395,-0.21285014400336305,-2.1795399467000673,-5.540388812557079,-3.0317399846836657,1.7951694597780627,-4.2818753300243975,-4.118396573032095,-3.704950156395101,2.7239110054665168,-4.526045935426045,-4.193429537877549,-3.8742056629489676,-3.3534425183961143,2.325023050723832,-4.051178573565156,-4.912850244892866,-2.3617463445809235,-3.549390622860541,-4.439219111737097,-3.4927915545170247,-4.886115830534642,-3.338025693369643,4.551789430998626,-3.641356563136979,-2.550967986340669,-0.17206780376745112,3.221173115138383,-4.490402315698525,-2.2725873292378176,17.33146922603854,-2.9163673146848437,15.567041327583635,-4.590090582751019,-1.1989411946479407,-4.409970278496409,-3.383582322851084,10.38994027144776,12.836472384954421,-5.124939183919078,-4.405257050796475,1.3544380119298531
NAFLD_3,-2.1307978665184892,-0.9030817765879008,-6.1126636722143095,-5.162339203524239,-3.203122879025021,-6.036721522952784,0.6461422888135437,1.5302255570676417,-4.638751641378445,16.940593849951423,-2.6937281645786713,19.016018997648768,-3.546437257189312,-3.3569129785253606,-3.9728443990993303,-3.700422667005494,-3.0799492316347563,6.377091096190271,-2.987180496201019,-4.1424639936636485,-5.428050950429621,-3.6326727270290564,4.885288985830493,-4.660296509699811,-3.21359456768943,12.180653677489095,-3.8963342567865653,-1.5286417161234573,-5.218889813674128,-5.825935829566826,-4.177536005766142,-3.6453941772477907,-3.6872633850740923,11.58791338500697,8.218622973653304,1.4882314383978215,-3.2245446096985044,-3.7917470060641496,-5.725079929698011,-2.3268105179986063,-2.5625427817352304,30.58351744760494,-1.173370946767783,-1.0947190090937249,2.3168020531644413,6.022896025979128,0.7564180735180545,-1.7272659081488186,-4.314524959427219,-3.977956861400813,0.7914115357495963,4.945896913809231,3.8913902670541725,2.7471707838082664,-4.648362009769466,2.5921160253548097
NAFLD_4,-3.8515747028512326,-2.7017526646287013,-2.025544649806685,-4.110315619719716,-3.216427361232886,-1.0545988120370964,-2.33010385464217,-5.44794249102029,4.028015160761635,-6.795274284264574,-2.970933038509764,-0.3881017784909993,3.5619157353670343,-1.8716160722895638,-3.2496648105616903,-0.7598394766682478,-3.0779206969881,-3.729076567026556,6.010731060866206,-2.6433202722920495,-2.303024348054146,-4.818345480084241,11.049272822447655,-2.684890547425458,-0.8293940070124044,-4.725020770460358,-4.987881647557038,-1.6168175818961228,-4.755913184863726,-3.61033302249162,-0.4340746645949308,-4.4245727837415405,-3.3105362874079907,-5.753302952952383,-2.0182154733981563,3.045979846242006,-4.637641371395025,-3.6859824569932274,-1.9374030822945896,-2.0162306343077243,-3.2659102361620755,7.232960647267272,19.53094298822584,-4.529986829507006,-1.8994607511357242,2.918732473136603,-1.5612623780853978,0.04652245881612285,-0.6143442168861666,-5.204851248027851,-3.122499517077322,-2.643545941055093,-0.9923692142660109,-5.631938248191116,46.142499178094276,-5.102251306105399
NAFLD_5,2.307301964247127,-0.6429687766055047,-5.818014994982245,-2.7513798212696114,-3.3107567762067354,2.9139118285864978,-3.6671165415593343,-3.4198251871392027,-4.443415835117561,-2.99968508185848,-3.0427328242313227,-4.447853718739347,-3.0576958655376725,-3.86298806073551,-4.185845137338699,19.463935058144788,5.774967588737069,-4.056994802267281,-3.8955290365811988,-3.5702101396422106,-4.75734185963761,-3.5967133687921966,9.275857691335286,-3.460492529023475,-3.332626431872585,1.0830688522053347,-5.931137593416653,-3.355059112416359,-4.656393474609244,-1.348102625919269,-4.814189299608878,-0.7920095994570794,-2.128257360718555,10.499627654826265,-3.276867435190262,-4.886115830534642,-3.93912006973749,-2.975149133068928,-2.848693666317121,-5.376295607635473,-1.248955789580122,-2.381874034133408,14.938516554925034,-3.2243716412747387,8.451290604371016,1.8819467982459297,-4.679930972897218,4.5242980118075975,37.92128659578291,-1.5423554581705794,2.0080779879576904,-3.056314964828444,-4.430068853981184,0.2036603327082555,3.195689695116121,-3.8307381977014576
NAFLD_6,13.738920224773633,-3.786348458789317,-3.284058028544723,-2.175229294248222,2.302992676886985,-3.729697422936174,-3.592307343721563,-5.862213635268856,-1.0981567883097616,-6.520245160570842,-2.34770611263385,-3.4082916818280835,-3.5759242433263605,-5.214529519433107,-4.877414328633436,-3.6333472594774845,-5.441676947631931,-5.029930722279094,-0.21868326007686195,-5.068500850285672,-0.7940507007650549,-3.22142333791268,-5.934701629861018,-5.251129966650963,7.558085410795745,-2.348703697585586,-3.080957216013508,10.804575425142563,0.11972796426638925,-4.582270776667494,-2.7474537986898646,-5.519607341795225,-2.1022633584778894,-2.4417840288434447,-5.156064481667521,-3.8180898400906558,6.613459376627667,-3.6849922700057642,-3.0290446355829714,-0.32940066810067353,-3.9757963344025566,-3.6153421638112433,-1.7179461885184546,0.4699966793431479,-5.188940616503298,-1.830514571555695,-3.444187504356966,2.6008857102733844,6.2037041022977535,2.6485434042439033,-3.404404737925243,-3.293569667245571,-3.3457555113138593,-2.2524358366204567,-3.7467969552374405,-6.114371903791107
NAFLD_7,0.8498949203562804,0.5982862292974488,-2.7226896678070927,0.1595754832817963,-3.7333195217603254,3.3861065655768883,4.241764468053764,-5.66032683352616,2.428462380413004,4.157083008376407,-2.9189685264819913,5.919927853479742,-4.800766653931127,8.238446896899145,-2.45874078927996,-2.9410725759467042,-3.435355388362164,-2.9878934391537597,-6.298859165467015,-4.495891038611068,-5.428050950429621,-4.183339748488693,-0.6541409293609339,-3.4392233445665896,-3.3378725041814885,-4.239090513743913,-5.931137593416653,-5.852766082258119,-4.972360807057676,-1.3746023921358699,-5.471200032475271,-4.5546317376617464,-1.6460984737919806,11.865278653128826,17.410431618065385,1.2327339234345176,-1.0119460338349069,-2.60678945663886,-1.0742493101995196,0.6402913185499164,-2.5901794204669053,-3.832713305313522,-5.592189615725893,-4.529986829507006,4.029300472477026,-3.8060631364198003,-0.6631238974141367,0.31657146309409856,-0.4713655776571486,3.8139771371776026,-3.6015750609848265,-1.8304943106306737,-4.525198169273921,14.39666195265917,4.536941037283932,-4.692825309231496
NAFLD_8,-0.36452340817235757,-3.2351924142656863,-3.101549729059282,-5.032506127039917,-3.14456339506248,-3.107876074631034,-3.9418308022706072,-0.18410662632810657,0.14174893238788888,-7.270040216151113,-1.8390185370801966,-5.062871279654989,-2.248473298124677,-4.077980334240533,-2.86581882364256,4.024793675470267,-3.133391764170339,12.81413054110245,-4.072651725237562,-2.7544270282263654,-3.1206382156660095,-0.37717597963162147,-2.72935664004071,-3.5757437458885564,-3.4336830010279824,-5.743443126981296,-4.549412322675719,3.720642104408557,-2.6102997992365915,-1.9408352691631974,-4.537679420449671,3.5574536169941005,1.197062467395597,-4.561929350267456,-3.6071944729286813,28.537858503069657,0.7900108553713476,-3.1444110224639195,10.416105236751095,0.3079423431402944,-3.43713008254659,-3.2358560922600352,8.36255118981188,-1.801375637929591,-0.18995418326728264,-5.201183364228006,-3.1866739884936264,-2.37803313732073,-4.314524959427219,2.279849204817731,34.95490004959313,-4.455216438174405,-5.554786698038388,-1.8984837314046825,-3.7159806824416624,-1.4396955558651305
NAFLD_9,-4.8061871612289835,-3.368054736454033,0.4453814204233698,-3.2511311988058074,-4.469513266137566,21.52140242467444,-4.557285608068901,-5.91202855676363,-3.7070836696924547,16.943060322337896,-3.888265637077997,-4.374691793352677,-2.973815401371325,43.773044257590925,0.2620369707320729,-3.7480152133498152,-4.163460585177121,-6.1652551797244834,-1.2564627115003617,2.0696295855640208,3.230399344423671,-1.4861527593878754,1.1159526384453229,-5.817634114061254,-3.1140718823313827,-0.686140833053734,-4.102664265504205,8.36986063451914,24.128455981748857,-0.11832812340125258,-3.8085120670566464,40.542613897786055,-1.3238688999138308,-5.753302952952383,-5.015506037927739,-2.927263791057213,-3.36794087797151,-2.3953402484845854,3.0453623405917822,-4.5867250111132325,-1.7163214981362616,-4.563585797673015,-1.6810103612518181,18.967992016447955,-5.692713004117353,-5.558248573429034,1.2757548571008388,-4.247207750533933,8.341516634614075,2.921265674899105,-3.4864474365215368,-2.347217669775024,4.546873054948149,-4.775072874797599,-0.13672377373452296,1.9415137657345887
NAFLD_10,-3.5421392922260018,-1.7836688803406027,2.3614433274336006,-2.571830014854682,1.851604117037929,-4.8099490289673525,-3.1250688529010757,-4.169515571331567,-4.282122401047351,-2.508587772092159,-4.391739687536851,0.4267235468712092,-3.4579390974192465,-3.901036166531191,-2.726089057453617,-3.9984187352561222,2.381067629215565,-5.543459636655368,2.5268260627902834,-0.3260030801496424,0.5545718806587837,0.8916997513978479,-3.015693398630962,24.38496162459933,-1.1348253834488564,-3.3487160068191058,7.58230368017778,-1.575483083096547,-5.218889813674128,-2.5913383652807713,-4.77838935038584,-5.066660447068607,-3.118494615036718,-2.7231266054262413,-5.276483934964222,0.06894275901984338,-2.309143009188998,40.41096261020182,1.2011487073762213,-4.732956814791595,-1.6224137151735074,-4.563585797673015,0.5104835231675114,-2.4145784630341147,-6.085262858316163,-5.558248573429034,-6.0838969217658,39.964063855716844,-3.4901559901977306,-5.204851248027851,-4.79648307036592,4.470977548314772,-3.6544103417548164,-4.502741005525555,-0.04617105133896034,-0.915264163436565
NAFLD_11,-2.7333260370315933,-2.3222870059670715,2.3952694145002478,-4.3238402425534606,0.3960069445412323,-4.859187711831186,-3.6044417896284418,-6.102012588694255,2.5404548501475426,2.9945832032742326,0.04875799599034908,4.636082685253834,-4.800766653931127,-4.912523047433041,-1.7258024008581139,-3.9705256688230586,-4.335042372822487,-4.194231170818472,-3.109893411525766,-2.272967661543979,-4.045430434164734,-1.0516358974757074,-4.865427142302576,-5.96415975730427,-1.7009304990980305,-3.6661223397170013,1.729011453144389,-3.2501072713106773,25.29254038843928,-4.69041504899195,-4.006559238244887,4.462502723924719,-3.110143648070545,-3.6308122631000783,-4.404029236055331,-2.5555778373490177,0.9689748941386137,-0.20134255017591682,-5.725079929698011,0.17409039622570893,-2.7190789359370946,6.88173819975399,-0.8791213005363154,4.158848771207299,-0.9731235086201669,-4.275095608842196,-2.388875295134999,-3.096437273520151,-3.234534877798097,-4.562374917349928,-3.5529013067372563,8.466644029558731,0.6786229610107988,-4.9986850663839535,7.29590958880133,-4.473817881698731
NAFLD_12,-5.823129130290242,-1.85845717477046,-4.144059219169005,-5.497017552772323,-3.8486045905387174,-0.22503045055786602,2.682087446164322,12.510592763655666,1.0325671161247936,7.802858590373043,-1.9118966765042207,7.741920092301193,-3.6342677656056286,0.43252805078654555,-2.7917465437263673,-4.565297305043532,-6.39982386275089,0.36716095750255656,2.35819252819783,29.333189626393604,-5.428050950429621,-1.1306214650227149,10.621192901907795,-5.544431767260249,-3.1809996707111607,3.1375231768218526,9.326556122075676,-3.60089124028132,-1.619352007543314,-5.1536276137786485,3.8450195627901,-1.5371840504135352,-4.172301085430313,12.721823394901275,-3.601097497654902,-1.5776723979888125,3.4191550928272476,0.15973518893347077,-1.4112655201250492,19.081530635580865,1.8707432879957957,-3.0624691864979945,8.651448334568993,-4.020168765736323,-2.664370894727706,-3.582866974019307,-3.657447511211625,-1.944866789099701,0.4212832246497599,-5.204851248027851,9.263525885799766,-3.974408036250198,-4.368743007549233,-4.2502683863745006,-2.4602865161745844,-5.886613886625166
NAFLD_13,-2.352927486272559,4.935274316534755,5.3148467037921385,-5.497017552772323,-2.7563067683665636,-5.916454125370711,-4.6467990917576545,-3.2942908944425184,-3.5842648805386306,-5.398714907128764,-4.391739687536851,-4.5523525986145295,44.43629179969444,4.021098942983463,-4.767015504722603,-3.3763594433959097,-1.580539099169517,-2.6287702744853596,-4.497940033641366,-0.997244591607119,38.70365070528182,-0.7017277727445744,-1.6258873918603094,-5.795018591283641,-3.551782879185815,-4.026719437648379,14.649442618522793,-3.660242244544494,-4.818883250861262,-2.9587610402204096,-4.825695546691029,-3.5249492787979055,-1.573286725241189,-1.622354268046513,-3.5595787370504097,-4.886115830534642,-2.3032896311167077,-4.3927480934701,-2.345016092080061,-3.7102865123199953,-3.9757963344025566,-1.9325415569426367,-3.1139868244232956,-3.725467102102246,-3.1052722963864348,-4.454105451590337,-5.6677670430799525,12.015927847384257,-2.30474019647667,-5.204851248027851,-1.7568525875529521,-0.9375268662208956,16.745277642973086,14.874770910419926,-1.5339872219723256,7.564658819473814
NAFLD_14,27.874678699555936,2.9673480840602364,-3.1977311662209646,17.28374493240197,0.9614432235003385,-4.22840542687425,-1.1217659651189904,-3.657657203490416,-1.5014540389383104,2.1414952327426597,-2.156853664311626,-3.3419694421966013,-3.189230128028779,-5.214529519433107,-0.33120950125951015,-3.926493119969732,10.974946834957093,7.428123657049353,-4.23953095243634,1.5863382742779797,-5.099776520865801,-2.3608494861483753,-4.687202924597432,-4.187810353086808,-3.548279679352514,8.578901321707649,-4.904213322475425,-0.6889513716387726,-5.034754707270112,22.31797812177187,21.09747815543407,1.625162945911503,3.7038395529544212,-5.753302952952383,-0.9417092905116511,11.139862980911063,-4.637641371395025,-2.1116027769968286,-0.6535368279307519,-0.8024878892148838,-2.4964056356521804,4.708426109218093,2.377944671626215,-2.9934748621664666,11.718659832986404,33.401635869290295,-1.8990875272758907,-4.167876029053285,-3.793516973388811,-1.795606845544035,-4.79648307036592,-5.324108820135385,-4.311558016353977,-1.7074822303813142,2.7182260685498125,-5.103220962549817
NAFLD_15,-5.823129130290242,-3.207515838311188,-5.138287847504544,29.728975769882588,-4.615893629309464,-5.296059301184451,1.8799896788918153,1.3237543989126648,-1.9051652687457545,-4.655239861045897,0.8517173502769152,-4.052827184051234,-2.551575476445502,-4.647051465745282,8.806732573107151,-3.754715809668041,-6.164783244998665,-2.456670266281827,-2.71487214298227,-3.538228742989919,2.2251499620868813,-3.0090405897918315,-3.9476553171927042,-0.8392864971902988,-4.362611042930861,-0.8927417102295969,-5.211812346499181,12.23291283368773,-4.5716678701446405,-1.9163436098796138,-4.916650976798691,-2.9653280026503928,-3.654590832284404,-4.518795626353934,-2.950713413526662,-0.2322277409331255,-4.637641371395025,-3.38748466839936,-3.2902327292220828,-5.376295607635473,-3.1183772788543487,-2.5997751445667303,-4.592874163620015,-4.529986829507006,-4.888307739673506,1.7404694876856817,1.1877975383353183,-2.127680257952235,-2.56938454309686,8.76830555098128,-3.0785799744525306,10.536849591809062,4.410946842114854,10.570617481640227,-1.0473404953133447,-4.104942791822165
